timestamp,reconstructionError-0,reconstructionError-1,reconstructionError-2
0,0.526119589805603,0.21816515922546387,0.3461354970932007
1,0.09565287828445435,0.11326684802770615,0.26199138164520264
2,0.2918102741241455,0.6505762338638306,0.33400923013687134
3,0.030974797904491425,0.06258033215999603,0.04122192785143852
4,0.17376402020454407,0.10570960491895676,0.23096725344657898
5,0.3453091084957123,0.3111504912376404,0.7225894927978516
6,0.15143536031246185,0.0672987699508667,0.20782940089702606
7,0.034057918936014175,0.048686303198337555,0.030258983373641968
8,0.255607008934021,0.5965915322303772,0.33676978945732117
9,0.13325883448123932,0.15784114599227905,0.28853940963745117
10,0.5114818811416626,0.19831471145153046,0.3712475895881653
11,0.1474096179008484,0.16138648986816406,0.3128763735294342
12,0.26159656047821045,0.6092461943626404,0.33966919779777527
13,0.030657468363642693,0.06634840369224548,0.0465567521750927
14,0.14179643988609314,0.0752919539809227,0.24224355816841125
15,0.30483344197273254,0.29130086302757263,0.6404517889022827
16,0.11528270691633224,0.08527249097824097,0.20582525432109833
17,0.00714097311720252,0.017452942207455635,0.02515660598874092
18,0.16774412989616394,0.4012494683265686,0.2791963219642639
19,0.16328804194927216,0.1832961142063141,0.3340904414653778
20,0.42578157782554626,0.1615033596754074,0.29695069789886475
21,0.13420969247817993,0.1781958043575287,0.328590989112854
22,0.24367080628871918,0.5159037113189697,0.2861265540122986
23,0.025344938039779663,0.04989027976989746,0.03385775536298752
24,0.20184588432312012,0.1250363439321518,0.25190091133117676
25,0.35989129543304443,0.3589746654033661,0.7113721370697021
26,0.19461217522621155,0.14770011603832245,0.2857167720794678
27,0.019014062359929085,0.03337179869413376,0.025829313322901726
28,0.23053106665611267,0.486395925283432,0.28347665071487427
29,0.17102204263210297,0.20053528249263763,0.3316766619682312
30,0.4472719132900238,0.18908482789993286,0.34179455041885376
31,0.1370709240436554,0.18468300998210907,0.30940917134284973
32,0.2454943060874939,0.5162538886070251,0.29182156920433044
33,0.027712611481547356,0.051111698150634766,0.036789070814847946
34,0.22721390426158905,0.13087329268455505,0.2775959372520447
35,0.3013068735599518,0.29612478613853455,0.6249935626983643
36,0.1575891375541687,0.07555748522281647,0.20937523245811462
37,0.013542840257287025,0.02880009077489376,0.025673408061265945
38,0.19450905919075012,0.4654010236263275,0.3200457692146301
39,0.14092843234539032,0.12134712189435959,0.3269251585006714
40,0.5796540975570679,0.22728684544563293,0.38708406686782837
41,0.1573123186826706,0.1961393654346466,0.33446836471557617
42,0.23328261077404022,0.5210418701171875,0.29560062289237976
43,0.014385180547833443,0.034716926515102386,0.034505363553762436
44,0.1766035556793213,0.10214975476264954,0.22724786400794983
45,0.25418052077293396,0.21236449480056763,0.5915472507476807
46,0.15592634677886963,0.09243066608905792,0.2055077850818634
47,0.015625571832060814,0.027891291305422783,0.025058511644601822
48,0.2998601198196411,0.7184164524078369,0.44194185733795166
49,0.1996000111103058,0.1820690631866455,0.3274478316307068
50,0.49467581510543823,0.18987219035625458,0.367113322019577
51,0.23807749152183533,0.2353680431842804,0.410366415977478
52,0.20675741136074066,0.4764423966407776,0.2858893573284149
53,0.021193698048591614,0.04752230644226074,0.03860578313469887
54,0.1514001488685608,0.08522617071866989,0.21015402674674988
55,0.33761852979660034,0.28109848499298096,0.6270782947540283
56,0.10537009686231613,0.04255427047610283,0.16795627772808075
57,0.0205362681299448,0.042943354696035385,0.03196370229125023
58,0.21936020255088806,0.46518072485923767,0.30325859785079956
59,0.12235604971647263,0.07675408571958542,0.2617762088775635
60,0.5880874395370483,0.22688719630241394,0.3941178023815155
61,0.1631828248500824,0.2698861360549927,0.3733886182308197
62,0.2611762285232544,0.5274431705474854,0.282561719417572
63,0.004965821281075478,0.0133461132645607,0.021509278565645218
64,0.1505967527627945,0.09761951863765717,0.25086069107055664
65,0.2747824192047119,0.320494145154953,0.5949062705039978
66,0.1485653817653656,0.10100539773702621,0.21989938616752625
67,0.039881546050310135,0.06077105924487114,0.03639865666627884
68,0.2549949288368225,0.598302960395813,0.3547937572002411
69,0.1290595829486847,0.14709502458572388,0.30001017451286316
70,0.5109425783157349,0.19665780663490295,0.3240986764431
71,0.09682043641805649,0.1904543936252594,0.3063279390335083
72,0.2159837782382965,0.4423052966594696,0.24759607017040253
73,0.00683768792077899,0.013968100771307945,0.016143856570124626
74,0.11708175390958786,0.1002807542681694,0.23187944293022156
75,0.31859874725341797,0.2586606442928314,0.6726200580596924
76,0.20487451553344727,0.13219361007213593,0.2345963716506958
77,0.03021075204014778,0.058898769319057465,0.037764109671115875
78,0.23806218802928925,0.38770538568496704,0.23039117455482483
79,0.20875507593154907,0.20327314734458923,0.34033840894699097
80,0.5176281929016113,0.20050469040870667,0.37525397539138794
81,0.14530177414417267,0.21153879165649414,0.32601994276046753
82,0.2635266184806824,0.5558890104293823,0.29961639642715454
83,0.018178142607212067,0.012567087076604366,0.012197891250252724
84,0.22232471406459808,0.12197360396385193,0.28846535086631775
85,0.27256160974502563,0.2242942452430725,0.5938989520072937
86,0.09056922048330307,0.030075766146183014,0.14536762237548828
87,0.019154755398631096,0.020063061267137527,0.017697853967547417
88,0.23662737011909485,0.539758563041687,0.3407411277294159
89,0.1266157031059265,0.09816589951515198,0.27048903703689575
90,0.6491253972053528,0.2702421545982361,0.39766448736190796
91,0.07306978851556778,0.1378103643655777,0.24580417573451996
92,0.26109179854393005,0.5393966436386108,0.28525498509407043
93,0.030978355556726456,0.05736773833632469,0.05762895196676254
94,0.17182603478431702,0.08514612168073654,0.25122568011283875
95,0.2567777633666992,0.28586137294769287,0.617554783821106
96,0.11743481457233429,0.07461345940828323,0.18646876513957977
97,0.02899547480046749,0.06651522219181061,0.050884053111076355
98,0.20246344804763794,0.407796710729599,0.28244107961654663
99,0.22850695252418518,0.21390476822853088,0.383805513381958
100,0.536090612411499,0.2057655304670334,0.34322839975357056
101,0.2623656690120697,0.33075836300849915,0.44835489988327026
102,0.2396041452884674,0.506068229675293,0.2712710499763489
103,0.015314562246203423,0.02413266897201538,0.030107945203781128
104,0.11610665172338486,0.08653634786605835,0.26822277903556824
105,0.28208431601524353,0.2874658703804016,0.6179453730583191
106,0.1257401704788208,0.06611748039722443,0.152601420879364
107,0.030762609094381332,0.06427822262048721,0.04318561777472496
108,0.2679366171360016,0.6321897506713867,0.37209293246269226
109,0.09767748415470123,0.08147122710943222,0.21643352508544922
110,0.5325580835342407,0.20556209981441498,0.3457019031047821
111,0.12156857550144196,0.2397415041923523,0.307065486907959
112,0.15647858381271362,0.3604728579521179,0.23213455080986023
113,0.035675883293151855,0.06929544359445572,0.04171662777662277
114,0.18387895822525024,0.10590663552284241,0.25569474697113037
115,0.3558807969093323,0.3814762830734253,0.7412533164024353
116,0.1479438841342926,0.10676015913486481,0.2058752030134201
117,0.033452607691287994,0.06981848180294037,0.04707140475511551
118,0.20967316627502441,0.4988606870174408,0.3316199779510498
119,0.2715282142162323,0.1698564887046814,0.33083295822143555
120,0.595747172832489,0.23284387588500977,0.4249267578125
121,0.13237693905830383,0.29862451553344727,0.33254969120025635
122,0.23345354199409485,0.4895622134208679,0.2796338200569153
123,0.0268117543309927,0.04927011579275131,0.04150151088833809
124,0.13458772003650665,0.0748155415058136,0.22991815209388733
125,0.3454403877258301,0.36633574962615967,0.6986402273178101
126,0.14918415248394012,0.07873832434415817,0.1889515221118927
127,0.05490615591406822,0.0960315614938736,0.05610407143831253
128,0.27480441331863403,0.6532230377197266,0.38127607107162476
129,0.17515325546264648,0.12931695580482483,0.32512804865837097
130,0.4051172435283661,0.15339244902133942,0.2863755524158478
131,0.1437627673149109,0.24515485763549805,0.3615531325340271
132,0.26805379986763,0.5752891898155212,0.28736287355422974
133,0.055764392018318176,0.09021347761154175,0.08502095192670822
134,0.18900279700756073,0.1175965815782547,0.27651140093803406
135,0.3325299620628357,0.301052451133728,0.696502685546875
136,0.0744347870349884,0.04866845905780792,0.12780505418777466
137,0.03435720503330231,0.07810142636299133,0.058463677763938904
138,0.2022060602903366,0.4512702226638794,0.2927168011665344
139,0.26185476779937744,0.199308842420578,0.36068928241729736
140,0.49368971586227417,0.19165876507759094,0.36591923236846924
141,0.10917162895202637,0.23455694317817688,0.2906770408153534
142,0.2945384085178375,0.5441696643829346,0.26835793256759644
143,0.011665663681924343,0.024918120354413986,0.026092492043972015
144,0.27821582555770874,0.18198469281196594,0.3536037802696228
145,0.2870948612689972,0.2653181254863739,0.6216037273406982
146,0.15666469931602478,0.08766008913516998,0.16491077840328217
147,0.028809932991862297,0.059751562774181366,0.04030750319361687
148,0.20788395404815674,0.46957847476005554,0.3015616834163666
149,0.17436999082565308,0.1487950086593628,0.29316529631614685
150,0.5103063583374023,0.19939665496349335,0.33914050459861755
151,0.18662968277931213,0.4400203227996826,0.2613951861858368
152,1.1749048233032227,1.1149580478668213,0.49825143814086914
153,0.4678061604499817,0.33536431193351746,0.16963985562324524
154,0.08078446239233017,0.0954245775938034,0.2067553848028183
155,0.28470176458358765,0.23413455486297607,0.6103546023368835
156,0.05868289992213249,0.1199931725859642,0.07029377669095993
157,0.8332351446151733,0.5530636310577393,0.3306703567504883
158,1.1261675357818604,1.325122356414795,0.5338588356971741
159,0.2545829117298126,0.1748049557209015,0.35142767429351807
160,0.5741215944290161,0.22311781346797943,0.38489222526550293
161,0.11155685037374496,0.24430188536643982,0.2881898283958435
162,0.19445252418518066,0.4118943214416504,0.23166845738887787
163,0.016776805743575096,0.03864304721355438,0.0342671237885952
164,0.18171212077140808,0.15124735236167908,0.35958003997802734
165,0.24428492784500122,0.25177696347236633,0.5733746290206909
166,0.1128353700041771,0.043067991733551025,0.15416821837425232
167,0.07083235681056976,0.13646915555000305,0.08113498240709305
168,0.21337607502937317,0.49465522170066833,0.336845725774765
169,0.25312191247940063,0.16984927654266357,0.3506564497947693
170,0.41574129462242126,0.1616731584072113,0.32609373331069946
171,0.1435137391090393,0.2763892114162445,0.3513498306274414
172,0.25323033332824707,0.5108380317687988,0.26712286472320557
173,0.008871542289853096,0.021242622286081314,0.03665897250175476
174,0.16830210387706757,0.11151757836341858,0.2832161784172058
175,0.318096399307251,0.31011995673179626,0.6351134777069092
176,0.15351858735084534,0.10345958918333054,0.19320961833000183
177,0.05177772045135498,0.11140000820159912,0.07204288989305496
178,0.1952827274799347,0.4767056405544281,0.3250688314437866
179,0.3549395203590393,0.19399963319301605,0.40809378027915955
180,0.48394232988357544,0.18410484492778778,0.34344884753227234
181,0.14022289216518402,0.30593666434288025,0.37323808670043945
182,0.19788657128810883,0.39832445979118347,0.2100142240524292
183,0.0034927106462419033,0.008431284688413143,0.01985112950205803
184,0.13240672647953033,0.10275346040725708,0.27295050024986267
185,0.3058699369430542,0.3190615177154541,0.688027560710907
186,0.07943238317966461,0.03485329449176788,0.10955159366130829
187,0.04314546287059784,0.08504175394773483,0.051488108932971954
188,0.23589497804641724,0.5568250417709351,0.34619832038879395
189,0.2417558878660202,0.16060999035835266,0.35251641273498535
190,0.5338249802589417,0.21178090572357178,0.3730103671550751
191,0.10433723777532578,0.19829204678535461,0.2856953740119934
192,0.16716092824935913,0.3475455045700073,0.19810166954994202
193,0.01772262156009674,0.016356894746422768,0.03771663457155228
194,0.2918023467063904,0.19632332026958466,0.39828211069107056
195,0.3125884234905243,0.28537869453430176,0.6750720739364624
196,0.0543367825448513,0.025658704340457916,0.09754490107297897
197,0.06481477618217468,0.07907292991876602,0.04273064061999321
198,0.24573051929473877,0.5830764174461365,0.350163072347641
199,0.16149458289146423,0.10971593856811523,0.27445346117019653
200,0.3698849678039551,0.1373501867055893,0.30842307209968567
201,0.2464558184146881,0.3642914891242981,0.44319161772727966
202,0.18878357112407684,0.37546300888061523,0.20753715932369232
203,0.0038946368731558323,0.008523264899849892,0.017739657312631607
204,0.2319236397743225,0.20420792698860168,0.3767232596874237
205,0.3436583876609802,0.3832794427871704,0.7158024311065674
206,0.15027858316898346,0.0650501549243927,0.15771740674972534
207,0.05870593711733818,0.11478668451309204,0.06466282159090042
208,0.20689457654953003,0.505565881729126,0.3454442620277405
209,0.19965378940105438,0.14232505857944489,0.27855539321899414
210,0.5254234671592712,0.20186500251293182,0.37295931577682495
211,0.1544150412082672,0.3213559091091156,0.3992573618888855
212,0.20657432079315186,0.39281439781188965,0.18751126527786255
213,0.016912763938307762,0.028008926659822464,0.0269937664270401
214,0.25540691614151,0.14214277267456055,0.34911108016967773
215,0.3498454689979553,0.35468530654907227,0.6832747459411621
216,0.1179998368024826,0.05554775148630142,0.14655229449272156
217,0.052053600549697876,0.11064445227384567,0.06975564360618591
218,0.24516771733760834,0.5738192796707153,0.3767452836036682
219,0.26200371980667114,0.14678053557872772,0.32483166456222534
220,0.5692062377929688,0.21872365474700928,0.3890981674194336
221,0.073515884578228,0.19139134883880615,0.24844126403331757
222,0.16535696387290955,0.2944236397743225,0.19714713096618652
223,0.011536989361047745,0.020499717444181442,0.02819710038602352
224,0.20636652410030365,0.1314508020877838,0.32309943437576294
225,0.29150840640068054,0.2125817835330963,0.554660439491272
226,0.1617547869682312,0.07276122272014618,0.1617235392332077
227,0.04513110965490341,0.09035247564315796,0.06219570338726044
228,0.24311988055706024,0.5352253913879395,0.35237932205200195
229,0.15894487500190735,0.08865074813365936,0.2685486078262329
230,0.38901787996292114,0.14900654554367065,0.283173531293869
231,0.1501898467540741,0.35138368606567383,0.3637614846229553
232,0.15009480714797974,0.3357022702693939,0.19958911836147308
233,0.044517263770103455,0.05073287710547447,0.06323398649692535
234,0.1917356550693512,0.13380378484725952,0.3518165051937103
235,0.2663225531578064,0.23881632089614868,0.6217542886734009
236,0.09245337545871735,0.04239431768655777,0.13448268175125122
237,0.053976260125637054,0.11536772549152374,0.08613156527280807
238,0.2154749035835266,0.5218201875686646,0.3819883465766907
239,0.20648139715194702,0.1548033058643341,0.3325732350349426
240,0.39801234006881714,0.15901510417461395,0.3068104386329651
241,0.20581774413585663,0.40849941968917847,0.42117470502853394
242,0.19921571016311646,0.4117604196071625,0.2234746664762497
243,0.0033419947139918804,0.00034718739334493876,0.01833697408437729
244,0.1709780991077423,0.11966454982757568,0.33277627825737
245,0.2670738101005554,0.23218262195587158,0.5641268491744995
246,0.08146946132183075,0.04158961400389671,0.13290415704250336
247,0.05442483723163605,0.09025662392377853,0.051114000380039215
248,0.2045021951198578,0.4862120747566223,0.3230574429035187
249,0.26844605803489685,0.12462347745895386,0.32711660861968994
250,0.5377882719039917,0.20573532581329346,0.3789277970790863
251,0.16896145045757294,0.3631964921951294,0.4008420407772064
252,0.21483835577964783,0.4320361316204071,0.21636812388896942
253,0.0021475946996361017,0.004933821968734264,0.020496368408203125
254,0.19323639571666718,0.12131655216217041,0.3178691864013672
255,0.3615998923778534,0.28979384899139404,0.6647764444351196
256,0.11683156341314316,0.05998827517032623,0.14210206270217896
257,0.03888579457998276,0.07887610048055649,0.048967309296131134
258,0.20067685842514038,0.4614259898662567,0.3373754620552063
259,0.16338863968849182,0.08237168937921524,0.2849210500717163
260,0.6190769672393799,0.24393630027770996,0.3879070281982422
261,0.12484800815582275,0.3027423024177551,0.35793694853782654
262,0.194151371717453,0.3636320233345032,0.20526158809661865
263,0.05237996578216553,0.05455922335386276,0.06665519624948502
264,0.24679051339626312,0.21833519637584686,0.4151337742805481
265,0.23796865344047546,0.1983811855316162,0.5630860328674316
266,0.04367496073246002,0.04165605455636978,0.08704283088445663
267,0.07303010672330856,0.11808469146490097,0.061238281428813934
268,0.2113357037305832,0.519809901714325,0.3606131970882416
269,0.24915999174118042,0.13409024477005005,0.31618866324424744
270,0.4280078411102295,0.175651416182518,0.3181459307670593
271,0.09794943779706955,0.2592189610004425,0.2787378430366516
272,0.1742304563522339,0.3310083746910095,0.1808643937110901
273,0.03196742385625839,0.043970949947834015,0.05737374722957611
274,0.19301792979240417,0.14361236989498138,0.3497413992881775
275,0.4418447017669678,0.46897196769714355,0.7619988322257996
276,0.09713628888130188,0.05267336219549179,0.11616470664739609
277,0.060682617127895355,0.1384139060974121,0.09033491462469101
278,0.17771035432815552,0.4077877998352051,0.2894982099533081
279,0.2893952429294586,0.1451096534729004,0.33867138624191284
280,0.4338056743144989,0.1630786657333374,0.317305326461792
281,0.1438094973564148,0.3427698612213135,0.36450183391571045
282,0.14537790417671204,0.2610011696815491,0.1676732748746872
283,0.004168507643043995,0.001854473608545959,0.02007867954671383
284,0.177569180727005,0.15031471848487854,0.35699784755706787
285,0.2789258062839508,0.289635568857193,0.5813403129577637
286,0.08744903653860092,0.0708012580871582,0.14357340335845947
287,0.0893610268831253,0.13178761303424835,0.06542395055294037
288,0.23343287408351898,0.5508096814155579,0.36704784631729126
289,0.22135448455810547,0.12944181263446808,0.310067355632782
290,0.5400009155273438,0.20771710574626923,0.4092564284801483
291,0.10306014865636826,0.221883624792099,0.3094026744365692
292,0.20343288779258728,0.36103081703186035,0.18551215529441833
293,0.021710142493247986,0.022384900599718094,0.04579831659793854
294,0.15155205130577087,0.15009012818336487,0.3373986482620239
295,0.3644908368587494,0.3155302405357361,0.690581738948822
296,0.0861644372344017,0.0888599157333374,0.1318221539258957
297,0.09392093867063522,0.15382561087608337,0.07222690433263779
298,0.20477738976478577,0.4665899872779846,0.3055736720561981
299,0.2305757701396942,0.12615752220153809,0.3373842239379883
300,0.5164337158203125,0.1973811686038971,0.3883834779262543
301,0.1339617520570755,0.32462984323501587,0.3433530926704407
302,0.23655927181243896,0.4669480323791504,0.21457317471504211
303,0.05118124932050705,0.06067952141165733,0.07989968359470367
304,0.24408578872680664,0.18588891625404358,0.46329089999198914
305,0.4799583852291107,0.4121708273887634,0.7090667486190796
306,0.12015377730131149,0.06328392028808594,0.13636751472949982
307,0.09185671806335449,0.12138988077640533,0.0647733062505722
308,0.2116784304380417,0.5097803473472595,0.3418527841567993
309,0.2029871791601181,0.08575242012739182,0.2715710997581482
310,0.4754481315612793,0.18087516725063324,0.37477564811706543
311,0.09803906083106995,0.25754791498184204,0.284778356552124
312,0.19715063273906708,0.37660592794418335,0.18104594945907593
313,0.0060658580623567104,0.003994192462414503,0.024102646857500076
314,0.21003690361976624,0.13812732696533203,0.3814931809902191
315,0.22882506251335144,0.1957128942012787,0.510498046875
316,0.11086274683475494,0.08264580368995667,0.1416848599910736
317,0.07111586630344391,0.1213231310248375,0.0643545463681221
318,0.2314094752073288,0.5720968246459961,0.43639397621154785
319,0.1612423062324524,0.06878695636987686,0.2443457692861557
320,0.2750166058540344,0.10399854183197021,0.21472948789596558
321,0.1629471629858017,0.3623921275138855,0.3906475007534027
322,0.19540521502494812,0.341288298368454,0.1734142303466797
323,0.02223682776093483,0.030179059132933617,0.05003958195447922
324,0.2987000346183777,0.2685554623603821,0.46195006370544434
325,0.30080968141555786,0.24433556199073792,0.5892188549041748
326,0.049745723605155945,0.03733426705002785,0.08683809638023376
327,0.0756351575255394,0.11260899901390076,0.06095964461565018
328,0.19209587574005127,0.48559150099754333,0.37283214926719666
329,0.3252832889556885,0.1266147792339325,0.3246542811393738
330,0.431718647480011,0.16241297125816345,0.30623623728752136
331,0.16985920071601868,0.3863667845726013,0.3829091787338257
332,0.20332324504852295,0.35695743560791016,0.17872796952724457
333,0.014627943746745586,0.0135595528408885,0.037083953619003296
334,0.25364962220191956,0.18317103385925293,0.37824344635009766
335,0.25987058877944946,0.18157386779785156,0.5440572500228882
336,0.08667104691267014,0.04706932604312897,0.09970372170209885
337,0.06333860754966736,0.15026450157165527,0.10272013396024704
338,0.1869991421699524,0.4574410617351532,0.353394091129303
339,0.30130884051322937,0.1259172558784485,0.3255801796913147
340,0.4767487943172455,0.18093475699424744,0.37220388650894165
341,0.16781464219093323,0.40702933073043823,0.37602993845939636
342,0.18915703892707825,0.3092378079891205,0.15542449057102203
343,0.0332736074924469,0.024237539619207382,0.048999588936567307
344,0.2957366406917572,0.16617175936698914,0.4147557020187378
345,0.21581631898880005,0.18398383259773254,0.4725634455680847
346,0.050447672605514526,0.03048737160861492,0.06848902255296707
347,0.09100399911403656,0.2040175050497055,0.1217048391699791
348,0.1882897913455963,0.47301924228668213,0.3533247709274292
349,0.2738637328147888,0.12128391861915588,0.32890787720680237
350,0.6320146918296814,0.2702127695083618,0.49535858631134033
351,5.484797954559326,7.231478691101074,4.887374401092529
352,4.890254974365234,6.943530082702637,4.5488600730896
353,4.639684677124023,5.11386251449585,3.9458179473876953
354,7.2430267333984375,7.0438690185546875,5.516608238220215
355,6.974418640136719,7.364080429077148,5.539308547973633
356,5.820115089416504,5.803891658782959,4.604397773742676
357,4.326019287109375,5.671914100646973,3.9752845764160156
358,5.704733848571777,8.270790100097656,5.24711275100708
359,0.2944803237915039,0.13185609877109528,0.3270191550254822
360,0.4222947955131531,0.15850241482257843,0.33503228425979614
361,0.13712012767791748,0.347337931394577,0.3173605501651764
362,0.16941425204277039,0.31111741065979004,0.1557629555463791
363,0.039503227919340134,0.025675876066088676,0.05734838545322418
364,0.18326368927955627,0.1327902376651764,0.3866787850856781
365,0.3123680353164673,0.3131682276725769,0.5762450695037842
366,0.09402312338352203,0.036854542791843414,0.10018248856067657
367,0.10139012336730957,0.18255773186683655,0.1024310514330864
368,0.1727350652217865,0.4362475574016571,0.3330216407775879
369,0.27195149660110474,0.10629796981811523,0.2734692096710205
370,0.5716516971588135,0.22093014419078827,0.4072660803794861
371,0.11834421008825302,0.3075653314590454,0.3107389211654663
372,0.16482239961624146,0.3320927023887634,0.1696566641330719
373,0.01699090376496315,0.00929402094334364,0.026668591424822807
374,0.2155461609363556,0.15930262207984924,0.43193575739860535
375,0.3978499174118042,0.30283546447753906,0.658806324005127
376,0.026147905737161636,0.018076904118061066,0.056659650057554245
377,0.0869603380560875,0.18190816044807434,0.1017228290438652
378,0.16614054143428802,0.4117652177810669,0.33995386958122253
379,0.3779354989528656,0.1613730937242508,0.37708649039268494
380,0.45969700813293457,0.17376655340194702,0.3621578812599182
381,0.15905973315238953,0.3866831958293915,0.3689901530742645
382,0.153432235121727,0.28173673152923584,0.1441594958305359
383,0.012919718399643898,0.012148546054959297,0.034095101058483124
384,0.21058544516563416,0.1320103257894516,0.3774977922439575
385,0.23969876766204834,0.28850120306015015,0.5379241108894348
386,0.08310655504465103,0.06149890273809433,0.09764108061790466
387,0.12561917304992676,0.2116619199514389,0.10362721979618073
388,0.2510373592376709,0.6252394914627075,0.4624239206314087
389,0.22265854477882385,0.07774195075035095,0.26777905225753784
390,0.34250199794769287,0.126069575548172,0.29138869047164917
391,0.14141571521759033,0.3625967502593994,0.29304438829421997
392,0.18991439044475555,0.3873075842857361,0.18795441091060638
393,0.014119504950940609,0.011010064743459225,0.0308762788772583
394,0.21112799644470215,0.12709617614746094,0.3718735873699188
395,0.19128486514091492,0.1990332007408142,0.5014607906341553
396,0.05015840753912926,0.038511451333761215,0.08384259790182114
397,0.1043466255068779,0.16985899209976196,0.09385775774717331
398,0.2190130203962326,0.550451934337616,0.4068913459777832
399,0.27572670578956604,0.11293881386518478,0.30841249227523804
400,0.3908914029598236,0.14756928384304047,0.3061845600605011
401,0.13265787065029144,0.34225326776504517,0.31757938861846924
402,0.13544948399066925,0.26135289669036865,0.13499218225479126
403,0.0037086361553519964,0.0008813230087980628,0.0222624521702528
404,0.29512500762939453,0.19549623131752014,0.4996764361858368
405,0.2509744167327881,0.21846787631511688,0.5283913612365723
406,0.0687226951122284,0.048566680401563644,0.08882097899913788
407,0.08867844939231873,0.18858924508094788,0.1087697446346283
408,0.22324012219905853,0.5604764819145203,0.4048285186290741
409,0.26918745040893555,0.10561396181583405,0.2767344117164612
410,0.4664843678474426,0.1842578947544098,0.36463913321495056
411,0.19410324096679688,0.48810455203056335,0.34669333696365356
412,0.1737658828496933,0.38443392515182495,0.20443034172058105
413,0.04640161991119385,0.0345565527677536,0.0643915981054306
414,0.21579401195049286,0.17523705959320068,0.4231266379356384
415,0.280416876077652,0.30211830139160156,0.5544387698173523
416,0.04243650659918785,0.022679952904582024,0.0735720694065094
417,0.11594320833683014,0.206122025847435,0.1063433289527893
418,0.23230259120464325,0.5687040090560913,0.4060963988304138
419,0.2712293565273285,0.09610345959663391,0.2590506374835968
420,0.5115616321563721,0.19592265784740448,0.3822353482246399
421,0.1509670913219452,0.3754713237285614,0.34768450260162354
422,0.17728708684444427,0.30457550287246704,0.14167749881744385
423,0.021170854568481445,0.012599261477589607,0.041821908205747604
424,0.3024689555168152,0.24202005565166473,0.49783870577812195
425,0.23808632791042328,0.224888414144516,0.5274951457977295
426,0.037724919617176056,0.011246586218476295,0.055256426334381104
427,0.10083463042974472,0.20775118470191956,0.1111103892326355
428,0.21275518834590912,0.5054681301116943,0.36229032278060913
429,0.33631980419158936,0.16038677096366882,0.3696072995662689
430,0.38801395893096924,0.1506265252828598,0.35949358344078064
431,0.11161273717880249,0.28280144929885864,0.3335026204586029
432,0.1463092416524887,0.27973341941833496,0.13720205426216125
433,0.0197269469499588,0.009958570823073387,0.041531868278980255
434,0.3492576777935028,0.3140588402748108,0.5617017149925232
435,0.31381481885910034,0.31031134724617004,0.5912105441093445
436,0.03533881530165672,0.01776581071317196,0.06558174639940262
437,0.11546793580055237,0.19967293739318848,0.09788978099822998
438,0.23015454411506653,0.569561243057251,0.4011884927749634
439,0.3197747468948364,0.12359784543514252,0.3174019455909729
440,0.4816214442253113,0.19905637204647064,0.39272964000701904
441,0.1800386905670166,0.4365902841091156,0.4197051525115967
442,0.16434521973133087,0.32739925384521484,0.16148702800273895
443,0.0503888800740242,0.04917734116315842,0.06609467417001724
444,0.22805552184581757,0.1880531907081604,0.42766523361206055
445,0.3016262352466583,0.2522037625312805,0.5676077604293823
446,0.04735688865184784,0.024281729012727737,0.06904637068510056
447,0.13057318329811096,0.24052050709724426,0.11932143568992615
448,0.20760928094387054,0.5209730267524719,0.3897354006767273
449,0.3603062629699707,0.13691139221191406,0.33936601877212524
450,0.339193195104599,0.12438321113586426,0.28947073221206665
451,0.1967104971408844,0.4944623112678528,0.39889127016067505
452,0.21997569501399994,0.394090473651886,0.17626166343688965
453,0.04817859083414078,0.024021226912736893,0.06658211350440979
454,0.20702606439590454,0.1916562020778656,0.45301002264022827
455,0.26880547404289246,0.20510461926460266,0.4644305109977722
456,0.050108253955841064,0.0166460033506155,0.06677563488483429
457,0.13603079319000244,0.2674127519130707,0.13643454015254974
458,0.17210887372493744,0.43627476692199707,0.3769218921661377
459,0.2629393935203552,0.09447972476482391,0.2542193531990051
460,0.4308905005455017,0.16223180294036865,0.35667118430137634
461,0.20704948902130127,0.4938981235027313,0.4195544123649597
462,0.12544561922550201,0.2609236240386963,0.14238876104354858
463,0.04683459922671318,0.03276771679520607,0.0590042844414711
464,0.24506670236587524,0.19126614928245544,0.5128170251846313
465,0.27699992060661316,0.25816452503204346,0.4982621669769287
466,0.03745056688785553,0.016778919845819473,0.07302094995975494
467,0.09733029454946518,0.18484804034233093,0.10175995528697968
468,0.18301038444042206,0.4586986303329468,0.3416748046875
469,0.45893630385398865,0.18288706243038177,0.38750430941581726
470,0.27121227979660034,0.09690117835998535,0.23658281564712524
471,0.2181771695613861,0.542229175567627,0.4364376962184906
472,0.19756536185741425,0.3068624436855316,0.14524920284748077
473,0.035900380462408066,0.02770392969250679,0.04977888613939285
474,0.2886814475059509,0.21037667989730835,0.5034644603729248
475,0.20471036434173584,0.17496329545974731,0.4742013216018677
476,0.07393927127122879,0.06913958489894867,0.08600949496030807
477,0.16600818932056427,0.25453630089759827,0.119565948843956
478,0.12959463894367218,0.33434855937957764,0.3277270793914795
479,0.390186071395874,0.14764542877674103,0.34980735182762146
480,0.5361851453781128,0.23174969851970673,0.43454158306121826
481,0.12962517142295837,0.31769782304763794,0.3280739188194275
482,0.13543519377708435,0.2668510675430298,0.1350608766078949
483,0.061587970703840256,0.0617070198059082,0.08990084379911423
484,0.3117517828941345,0.23941096663475037,0.5367188453674316
485,0.2045671045780182,0.14363393187522888,0.4660007357597351
486,0.07558074593544006,0.0669371485710144,0.09194972366094589
487,0.23985938727855682,0.4780939519405365,0.2217210829257965
488,0.18711768090724945,0.47141069173812866,0.3773709237575531
489,0.32586538791656494,0.13733594119548798,0.33556002378463745
490,0.2778675854206085,0.09924768656492233,0.2581385374069214
491,0.16612394154071808,0.4204966425895691,0.3878840208053589
492,0.18169188499450684,0.2699207067489624,0.12340390682220459
493,0.01510180439800024,0.002552521415054798,0.041788600385189056
494,0.3863038718700409,0.306001752614975,0.5805130004882812
495,0.25168848037719727,0.24161438643932343,0.5032248497009277
496,0.19511382281780243,0.11853599548339844,0.1927429884672165
497,0.1273076832294464,0.23359106481075287,0.13012182712554932
498,0.17541083693504333,0.4429662823677063,0.3808121681213379
499,0.22426919639110565,0.08179807662963867,0.25029265880584717
500,0.3150526285171509,0.11977633088827133,0.33633315563201904
501,0.23009715974330902,0.5758326053619385,0.3986172676086426
502,0.1236194595694542,0.24292145669460297,0.13750818371772766
503,0.06359577178955078,0.028954220935702324,0.07296799123287201
504,0.14199593663215637,0.10143442451953888,0.37787050008773804
505,0.252846896648407,0.26316678524017334,0.4981482923030853
506,0.06121789664030075,0.030150610953569412,0.06710019707679749
507,0.1453593373298645,0.2855134904384613,0.15178292989730835
508,0.13286690413951874,0.3396540880203247,0.330422967672348
509,0.40394076704978943,0.15138161182403564,0.3464418053627014
510,0.3806483745574951,0.1572323739528656,0.3499966263771057
511,0.14888864755630493,0.37986719608306885,0.3158690631389618
512,0.14417032897472382,0.22502194344997406,0.11689029633998871
513,0.015640374273061752,0.004057272803038359,0.03366275504231453
514,0.2702983617782593,0.21895615756511688,0.48665761947631836
515,0.35641056299209595,0.289450466632843,0.5269757509231567
516,0.04748990759253502,0.04481418430805206,0.07149150222539902
517,0.12561003863811493,0.20588544011116028,0.11026641726493835
518,0.1598260998725891,0.40700191259384155,0.36736544966697693
519,0.3880785405635834,0.14719277620315552,0.31923481822013855
520,0.48621636629104614,0.19442938268184662,0.4002663791179657
521,0.17971497774124146,0.4541322886943817,0.3909927308559418
522,0.1226971372961998,0.2160388082265854,0.11320009082555771
523,0.029255177825689316,0.017892353236675262,0.05099596828222275
524,0.18061672151088715,0.1965615153312683,0.4893484115600586
525,0.2494795024394989,0.2133599817752838,0.47670409083366394
526,0.04845104739069939,0.018098248168826103,0.05047134310007095
527,0.14011864364147186,0.26595544815063477,0.1408502459526062
528,0.16540876030921936,0.41518542170524597,0.37821242213249207
529,0.33622440695762634,0.12245021760463715,0.2810523509979248
530,0.31743353605270386,0.12429507821798325,0.3128884434700012
531,0.2057124674320221,0.5144915580749512,0.37182384729385376
532,0.14012263715267181,0.24845001101493835,0.11608903110027313
533,0.03494000434875488,0.021470841020345688,0.06466662883758545
534,0.1986631453037262,0.17250677943229675,0.4620742201805115
535,0.25470662117004395,0.19102096557617188,0.5184932947158813
536,0.025749988853931427,0.023639319464564323,0.04886671155691147
537,0.12777850031852722,0.20027905702590942,0.10461755841970444
538,0.28554004430770874,0.6879291534423828,0.4969002604484558
539,0.38050681352615356,0.14100748300552368,0.32342204451560974
540,0.3115370571613312,0.11623640358448029,0.29756125807762146
541,0.1649170219898224,0.4186568260192871,0.34300050139427185
542,0.10227485001087189,0.23562434315681458,0.14356793463230133
543,0.09577926248311996,0.0394664965569973,0.09370379149913788
544,0.2017258256673813,0.17832724750041962,0.44774216413497925
545,0.2466810941696167,0.2235036939382553,0.4731218218803406
546,0.03469334915280342,0.022370366379618645,0.05538734793663025
547,0.15185636281967163,0.26858416199684143,0.13663245737552643
548,0.12978044152259827,0.33470234274864197,0.3093937635421753
549,0.384798139333725,0.15182259678840637,0.3763885200023651
550,0.4129640460014343,0.16669395565986633,0.3438916802406311
551,0.17636224627494812,0.448311448097229,0.36602911353111267
552,0.08232081681489944,0.1487841010093689,0.08287741988897324
553,0.08149917423725128,0.049377914518117905,0.09109090268611908
554,0.31829267740249634,0.28447312116622925,0.5760980844497681
555,0.24310021102428436,0.18036988377571106,0.4692182242870331
556,0.018116015940904617,0.005005837418138981,0.03245174512267113
557,0.14629633724689484,0.24458801746368408,0.13417407870292664
558,0.18695351481437683,0.4737190008163452,0.37872546911239624
559,0.5354155898094177,0.2113320231437683,0.4259943962097168
560,0.30660298466682434,0.11751340329647064,0.3055242598056793
561,0.20894305408000946,0.5057569742202759,0.34328293800354004
562,0.14607274532318115,0.3108483552932739,0.16121646761894226
563,0.07508105039596558,0.05023971199989319,0.09566526859998703
564,0.30483514070510864,0.23586879670619965,0.5750123858451843
565,0.2803052067756653,0.25146692991256714,0.49547749757766724
566,0.058141231536865234,0.043503537774086,0.08051364123821259
567,0.13146956264972687,0.29402345418930054,0.16385972499847412
568,0.23471683263778687,0.5303154587745667,0.458760142326355
569,0.5476228594779968,0.21247759461402893,0.4194987714290619
570,0.36901459097862244,0.1728355884552002,0.3716982305049896
571,0.18783317506313324,0.47601574659347534,0.37621164321899414
572,0.13792788982391357,0.2500595450401306,0.1181158646941185
573,0.05661831051111221,0.024858135730028152,0.07569989562034607
574,0.16265292465686798,0.13992205262184143,0.4562719762325287
575,0.2115299105644226,0.1505909562110901,0.44253313541412354
576,0.02512340061366558,0.03090633451938629,0.04512061923742294
577,0.1538378894329071,0.34111127257347107,0.1899506151676178
578,0.16269446909427643,0.4127398431301117,0.369796484708786
579,0.3491455316543579,0.12895119190216064,0.32473260164260864
580,0.256602942943573,0.09567376971244812,0.27271097898483276
581,0.20281708240509033,0.49164003133773804,0.3392910659313202
582,0.10795406997203827,0.14362527430057526,0.0878545492887497
583,0.11213360726833344,0.06205923482775688,0.11905678361654282
584,0.2534669041633606,0.21503077447414398,0.5633230209350586
585,0.3783147931098938,0.32485300302505493,0.5748889446258545
586,0.05327410623431206,0.03498653322458267,0.06066278740763664
587,0.17092590034008026,0.35637590289115906,0.18675170838832855
588,0.13466167449951172,0.342904657125473,0.35120368003845215
589,0.467393696308136,0.178781658411026,0.3940833508968353
590,0.2617220878601074,0.0995660349726677,0.2902538776397705
591,0.198293074965477,0.48559796810150146,0.3518666923046112
592,0.10750536620616913,0.21542653441429138,0.11758600920438766
593,0.051973845809698105,0.02648216299712658,0.08138558268547058
594,0.31149235367774963,0.2712181806564331,0.5860463380813599
595,0.25966620445251465,0.2303677797317505,0.4565047025680542
596,0.0026587871834635735,0.0017211379017680883,0.01401502639055252
597,0.17262104153633118,0.3703383803367615,0.19272303581237793
598,0.1928422451019287,0.4857449233531952,0.37562090158462524
599,0.42464348673820496,0.15877732634544373,0.31962069869041443
600,0.28980451822280884,0.11941123008728027,0.28912514448165894
601,0.22646138072013855,0.5596412420272827,0.36139899492263794
602,0.1270812302827835,0.2608947455883026,0.13364915549755096
603,0.03654898330569267,0.0175788551568985,0.05719326436519623
604,0.2808440327644348,0.2744123339653015,0.5434355735778809
605,0.32706284523010254,0.25380077958106995,0.4662986993789673
606,0.05915876850485802,0.0427328497171402,0.07606320083141327
607,0.16360345482826233,0.34111374616622925,0.18890134990215302
608,0.16208778321743011,0.40687358379364014,0.3645581007003784
609,0.3147129416465759,0.12057013809680939,0.275974839925766
610,0.30397653579711914,0.12654516100883484,0.3227062225341797
611,0.21541839838027954,0.5282086133956909,0.3729701638221741
612,0.1082221269607544,0.2233620136976242,0.11931412667036057
613,0.036322012543678284,0.015104799531400204,0.05421840772032738
614,0.2508261799812317,0.21489399671554565,0.5256565809249878
615,0.23903509974479675,0.17408043146133423,0.4251667857170105
616,0.01548233162611723,0.00511416420340538,0.025614622980356216
617,0.1800932139158249,0.32399654388427734,0.16792920231819153
618,0.1762104481458664,0.438024640083313,0.3893672823905945
619,0.37881335616111755,0.1402464061975479,0.3071862459182739
620,0.1760731041431427,0.06871135532855988,0.2613866627216339
621,0.23664885759353638,0.5912098288536072,0.42281097173690796
622,0.09276312589645386,0.16874276101589203,0.0830269530415535
623,0.12270304560661316,0.06803528964519501,0.11166746914386749
624,0.24638256430625916,0.19929799437522888,0.5320851802825928
625,0.23176643252372742,0.15564458072185516,0.38651221990585327
626,0.004857431631535292,0.0031315991654992104,0.017919596284627914
627,0.2708059549331665,0.5052841901779175,0.23036110401153564
628,0.1889743059873581,0.4622746706008911,0.3856220245361328
629,0.4120357036590576,0.15406304597854614,0.28996142745018005
630,0.3236899673938751,0.1830129474401474,0.36621159315109253
631,0.25916436314582825,0.6207782626152039,0.4008239209651947
632,0.10700845718383789,0.1607816219329834,0.07784686982631683
633,0.05346774309873581,0.030829153954982758,0.0789957344532013
634,0.45517250895500183,0.42857396602630615,0.7157250642776489
635,0.22993896901607513,0.1911163628101349,0.4092203974723816
636,0.01426156796514988,0.022241204977035522,0.034941233694553375
637,0.16703703999519348,0.2817278802394867,0.14384344220161438
638,0.12765935063362122,0.3305972218513489,0.31099972128868103
639,0.3184170126914978,0.11715209484100342,0.2585429549217224
640,0.2720883786678314,0.11276127398014069,0.29197952151298523
641,0.21136224269866943,0.5276728272438049,0.3675631284713745
642,0.08309003710746765,0.14951878786087036,0.08522306382656097
643,0.05698226019740105,0.020105771720409393,0.07175509631633759
644,0.2727549970149994,0.30072617530822754,0.5810262560844421
645,0.2201102375984192,0.14600825309753418,0.41495925188064575
646,0.03293304145336151,0.025303605943918228,0.0457560196518898
647,0.1605171263217926,0.3045808672904968,0.16731864213943481
648,0.16795668005943298,0.36120840907096863,0.37373682856559753
649,0.37875089049339294,0.14072221517562866,0.33059802651405334
650,0.3432881534099579,0.13830910623073578,0.36737701296806335
651,0.19686874747276306,0.47278890013694763,0.3327817916870117
652,0.07882323116064072,0.14324401319026947,0.08124097436666489
653,0.07642969489097595,0.03393125534057617,0.07871561497449875
654,0.26354891061782837,0.2771548330783844,0.5536495447158813
655,0.12735065817832947,0.1251906454563141,0.34813302755355835
656,0.011760732159018517,0.014077503234148026,0.03706984221935272
657,0.1981433480978012,0.3778800368309021,0.185276597738266
658,0.1589987725019455,0.36573535203933716,0.41728639602661133
659,0.4016173481941223,0.14936381578445435,0.3227507174015045
660,0.2447035014629364,0.10420717298984528,0.29632747173309326
661,0.22363124787807465,0.547168493270874,0.3567822575569153
662,0.09799543023109436,0.18527671694755554,0.10006505250930786
663,0.18744218349456787,0.13922135531902313,0.20328973233699799
664,0.3982335031032562,0.329531192779541,0.6342183947563171
665,0.1796097606420517,0.2072952836751938,0.4011106491088867
666,0.03633228689432144,0.02070610783994198,0.04774768650531769
667,0.23664754629135132,0.44802290201187134,0.21273504197597504
668,0.19914209842681885,0.5009573698043823,0.4151526689529419
669,0.48449286818504333,0.18947601318359375,0.3379990756511688
670,0.367716521024704,0.1785450279712677,0.3719174265861511
671,0.2161024510860443,0.5332787036895752,0.3928988575935364
672,0.09088163822889328,0.2018892616033554,0.12019296735525131
673,0.12398495525121689,0.06575211882591248,0.12544742226600647
674,0.27609699964523315,0.3113272786140442,0.6408944129943848
675,0.1283549815416336,0.11871271580457687,0.356548011302948
676,0.04174031317234039,0.03554286062717438,0.05467823147773743
677,0.14835381507873535,0.2665572464466095,0.15720878541469574
678,0.107371024787426,0.2807876467704773,0.2998109459877014
679,0.48706865310668945,0.23273199796676636,0.2407846748828888
680,0.5688804388046265,0.2943790853023529,0.2885288596153259
681,0.1860535740852356,0.45746999979019165,0.3479408621788025
682,0.11747592687606812,0.19398802518844604,0.1020263135433197
683,0.894182562828064,0.7804765701293945,0.37970495223999023
684,0.3528076410293579,0.2869241237640381,0.6034289598464966
685,0.3056795001029968,0.13636033236980438,0.20653407275676727
686,0.8312195539474487,1.0240941047668457,0.5566425323486328
687,0.038451001048088074,0.03165591508150101,0.017370544373989105
688,0.08627714961767197,0.21608349680900574,0.2604275941848755
689,1.6878743171691895,1.3706120252609253,0.711739718914032
690,0.6508806943893433,0.5298476219177246,0.2793389558792114
691,0.24270948767662048,0.5622364282608032,0.35132402181625366
692,0.12382085621356964,0.14700543880462646,0.0682494193315506
693,0.7468435764312744,0.8377137184143066,0.3950536251068115
694,0.26023390889167786,0.18468758463859558,0.5330755710601807
695,0.40484458208084106,0.15962308645248413,0.25198787450790405
696,0.776897668838501,0.9725071787834167,0.5861052870750427
697,0.05995779484510422,0.08700966835021973,0.042485132813453674
698,0.06413744390010834,0.15554611384868622,0.23610487580299377
699,1.5748475790023804,1.3610684871673584,0.6958284378051758
700,0.90682452917099,0.6191328763961792,0.3576657176017761
701,0.27355560660362244,0.6792604923248291,0.4584798812866211
702,0.0891546830534935,0.15018923580646515,0.06891226768493652
703,0.34948182106018066,0.259998083114624,0.12434348464012146
704,0.3748910129070282,0.37393495440483093,0.6418921947479248
705,0.2551423907279968,0.1975395530462265,0.40095049142837524
706,0.012997596524655819,0.0192963108420372,0.028555478900671005
707,0.1898661106824875,0.2793148458003998,0.13838940858840942
708,0.16978219151496887,0.37995386123657227,0.40118956565856934
709,0.356282114982605,0.1317831575870514,0.3273524045944214
710,0.2818276286125183,0.13245126605033875,0.33829590678215027
711,0.187941312789917,0.47561877965927124,0.3506065607070923
712,0.10611935704946518,0.16126421093940735,0.07462924718856812
713,0.06932937353849411,0.0403517484664917,0.10806715488433838
714,0.30624955892562866,0.3154580593109131,0.6072030067443848
715,0.23709553480148315,0.22743341326713562,0.3681235909461975
716,0.00791124626994133,0.005788160488009453,0.022018201649188995
717,0.1921827495098114,0.3262459635734558,0.17619925737380981
718,0.11262508481740952,0.2634889781475067,0.34326064586639404
719,0.5068854093551636,0.1938772052526474,0.3671764135360718
720,0.19271671772003174,0.12923569977283478,0.28010278940200806
721,0.20508965849876404,0.47961848974227905,0.35539722442626953
722,0.08005882799625397,0.14886371791362762,0.0770116075873375
723,0.20360617339611053,0.10688075423240662,0.20823818445205688
724,0.3608025014400482,0.31190648674964905,0.6188005208969116
725,0.2275199145078659,0.1772947907447815,0.39246147871017456
726,0.05425694212317467,0.04778400808572769,0.06929174065589905
727,0.16140615940093994,0.35516902804374695,0.2069246768951416
728,0.12390243262052536,0.2904161810874939,0.333818644285202
729,0.4628189504146576,0.18405501544475555,0.31725555658340454
730,0.12669029831886292,0.06768987327814102,0.23356524109840393
731,0.21281632781028748,0.5137883424758911,0.35266584157943726
732,0.11556100100278854,0.23358887434005737,0.11957281082868576
733,0.08467563986778259,0.06497512012720108,0.134518563747406
734,0.24920955300331116,0.215952068567276,0.5666307806968689
735,0.2674930691719055,0.17985481023788452,0.43365347385406494
736,0.012903469614684582,0.028510984033346176,0.03497317433357239
737,0.1868640035390854,0.39820802211761475,0.20895838737487793
738,0.1008535847067833,0.25047993659973145,0.29451054334640503
739,0.48863157629966736,0.1905190795660019,0.3505190312862396
740,0.1669376790523529,0.07538445293903351,0.2683173418045044
741,0.2349119484424591,0.5795189142227173,0.40116065740585327
742,0.052540551871061325,0.07791433483362198,0.044933464378118515
743,0.06599635630846024,0.0480213426053524,0.10790549218654633
744,0.28966960310935974,0.27507442235946655,0.5674644708633423
745,0.22713494300842285,0.11061717569828033,0.3450244069099426
746,0.016118019819259644,0.008232994005084038,0.03487987071275711
747,0.18702030181884766,0.4360334575176239,0.24549338221549988
748,0.17053323984146118,0.3517177104949951,0.39415645599365234
749,0.5869957804679871,0.22786514461040497,0.41073665022850037
750,0.3132021725177765,0.18052791059017181,0.35516470670700073
751,0.1921510398387909,0.4553765058517456,0.29904478788375854
752,0.05157765746116638,0.10183145105838776,0.05939296633005142
753,0.039367493242025375,0.016282688826322556,0.07584698498249054
754,0.16483956575393677,0.17616847157478333,0.5254625082015991
755,0.37614816427230835,0.23607435822486877,0.47501319646835327
756,0.0023604482412338257,0.0007459446205757558,0.020605577155947685
757,0.1203891783952713,0.2556510865688324,0.15998989343643188
758,0.20039984583854675,0.43823713064193726,0.43576356768608093
759,0.5344578623771667,0.2048356533050537,0.38695380091667175
760,0.2141331136226654,0.10074134171009064,0.2862892150878906
761,0.16966459155082703,0.4091032147407532,0.2738531827926636
762,0.07808057963848114,0.15093562006950378,0.07916111499071121
763,0.06686227023601532,0.044190630316734314,0.09317944943904877
764,0.3539139926433563,0.3434613347053528,0.6123286485671997
765,0.14619973301887512,0.09016396850347519,0.29628241062164307
766,0.04375452920794487,0.06694713979959488,0.06520068645477295
767,0.22642169892787933,0.43755191564559937,0.2195095270872116
768,0.11036175489425659,0.24385255575180054,0.31598159670829773
769,0.49292802810668945,0.19309872388839722,0.37181100249290466
770,0.21978579461574554,0.14397498965263367,0.3137867748737335
771,0.23188725113868713,0.5440821647644043,0.3562421500682831
772,0.06898085027933121,0.09471600502729416,0.04378741234540939
773,0.12246178835630417,0.06655794382095337,0.13190357387065887
774,0.24126361310482025,0.2440042346715927,0.5735533833503723
775,0.19930493831634521,0.13113002479076385,0.29957956075668335
776,0.011036861687898636,0.022369176149368286,0.030086850747466087
777,0.22034430503845215,0.3663676679134369,0.18298546969890594
778,0.094881072640419,0.2358943670988083,0.30281561613082886
779,0.5336346626281738,0.20410935580730438,0.35278305411338806
780,0.2115701138973236,0.11312593519687653,0.2857714593410492
781,0.25806063413619995,0.6361982822418213,0.42715179920196533
782,0.05732443928718567,0.12719453871250153,0.081329345703125
783,0.07683107256889343,0.05203704163432121,0.1321154683828354
784,0.42961275577545166,0.37752765417099,0.7487581968307495
785,0.2711383104324341,0.21617400646209717,0.40851038694381714
786,0.03060239553451538,0.0570979081094265,0.052560966461896896
787,0.1744956225156784,0.3990819454193115,0.23647277057170868
788,0.14010849595069885,0.29617637395858765,0.3303356170654297
789,0.5224851965904236,0.19989433884620667,0.3396335244178772
790,0.24823260307312012,0.14248183369636536,0.3435980975627899
791,0.21391098201274872,0.5282014012336731,0.33907243609428406
792,0.056960247457027435,0.1262514740228653,0.08096088469028473
793,0.10927240550518036,0.05726142227649689,0.13489341735839844
794,0.2693978548049927,0.27579906582832336,0.6613020896911621
795,0.2584514617919922,0.18194705247879028,0.3923792243003845
796,0.008098183199763298,0.013163769617676735,0.026735510677099228
797,0.2421826422214508,0.445496141910553,0.23066872358322144
798,0.1182044968008995,0.2551839351654053,0.3415358066558838
799,0.5594813227653503,0.21618172526359558,0.36806249618530273
800,0.1838872730731964,0.12767091393470764,0.30739301443099976
801,0.24116913974285126,0.48320111632347107,0.31800487637519836
802,0.09583824127912521,0.16938136518001556,0.08180110901594162
803,0.14019228518009186,0.1169716864824295,0.1957092136144638
804,0.30738794803619385,0.3129020035266876,0.6539865732192993
805,0.11589929461479187,0.10122549533843994,0.26404330134391785
806,0.003190075745806098,0.00399671820923686,0.01581738144159317
807,0.27769893407821655,0.48547887802124023,0.23683270812034607
808,0.15733854472637177,0.3405423164367676,0.37486666440963745
809,0.41198426485061646,0.16163285076618195,0.33125895261764526
810,0.3260720372200012,0.24884872138500214,0.37633174657821655
811,0.27393603324890137,0.5578646659851074,0.3356773853302002
812,0.02364097535610199,0.04757937788963318,0.03647813946008682
813,0.06168636679649353,0.03603033721446991,0.10633115470409393
814,0.31551843881607056,0.3194778859615326,0.664483904838562
815,0.14789557456970215,0.12651348114013672,0.30956172943115234
816,0.01533912867307663,0.026497183367609978,0.03698987886309624
817,0.26507139205932617,0.49062666296958923,0.2367907166481018
818,0.14371873438358307,0.2558087706565857,0.34982678294181824
819,0.47464269399642944,0.17939691245555878,0.3362974524497986
820,0.25323647260665894,0.13026206195354462,0.3600921034812927
821,0.22086447477340698,0.5423960089683533,0.387337327003479
822,0.049976982176303864,0.0846807211637497,0.04559849947690964
823,0.11803503334522247,0.06641346216201782,0.16311447322368622
824,0.38064879179000854,0.3632139563560486,0.7041503190994263
825,0.221241757273674,0.11649812757968903,0.31861719489097595
826,0.017981238663196564,0.02778254821896553,0.03499612957239151
827,0.2574671506881714,0.6037023067474365,0.35116279125213623
828,0.17959249019622803,0.21563051640987396,0.3976920247077942
829,0.514141321182251,0.1970791220664978,0.37849801778793335
830,0.14654752612113953,0.06465074419975281,0.25172924995422363
831,0.2804429531097412,0.6344248652458191,0.37261268496513367
832,0.12263303995132446,0.23247449100017548,0.11224062740802765
833,0.1467304229736328,0.08721327781677246,0.17593930661678314
834,0.32340142130851746,0.2583441138267517,0.6170725226402283
835,0.252414345741272,0.1717418134212494,0.3562532365322113
836,0.018709933385252953,0.02336692065000534,0.03784754499793053
837,0.2584328353404999,0.5443000793457031,0.26545220613479614
838,0.11717379093170166,0.23770609498023987,0.33190739154815674
839,0.4034516215324402,0.15462592244148254,0.2898762822151184
840,0.15600496530532837,0.11930137127637863,0.2990926504135132
841,0.19982793927192688,0.465880811214447,0.31584057211875916
842,0.016748152673244476,0.03591044992208481,0.030785556882619858
843,0.14575862884521484,0.07350273430347443,0.16939064860343933
844,0.34024810791015625,0.25841277837753296,0.6231247186660767
845,0.0880851149559021,0.06658503413200378,0.20957665145397186
846,0.05087932571768761,0.03908288851380348,0.06312234699726105
847,0.22395704686641693,0.4456891417503357,0.24451898038387299
848,0.10731144994497299,0.22661978006362915,0.31533950567245483
849,0.5077604651451111,0.1967702955007553,0.3580118417739868
850,0.12809991836547852,0.08648490905761719,0.25876885652542114
851,0.24606853723526,0.5083408355712891,0.3165399134159088
852,0.03265884146094322,0.05103490501642227,0.036054231226444244
853,0.13051912188529968,0.06158535182476044,0.1739954948425293
854,0.33697909116744995,0.31288090348243713,0.6773783564567566
855,0.19391511380672455,0.10706117749214172,0.2848396897315979
856,0.036346279084682465,0.06843292713165283,0.05505487322807312
857,0.23494122922420502,0.5429463386535645,0.3066357374191284
858,0.11817209422588348,0.2250472754240036,0.32031428813934326
859,0.5758575201034546,0.2222544252872467,0.388733834028244
860,0.10071872919797897,0.07115581631660461,0.29304906725883484
861,0.17139415442943573,0.4134448766708374,0.28343963623046875
862,0.04733207821846008,0.09268247336149216,0.06299489736557007
863,0.14862781763076782,0.07673989236354828,0.1657257080078125
864,0.35086652636528015,0.3013816475868225,0.6734193563461304
865,0.11983495950698853,0.0878351554274559,0.22882525622844696
866,0.009216144680976868,0.019576355814933777,0.019389141350984573
867,0.21619513630867004,0.44981151819229126,0.2245011329650879
868,0.18539665639400482,0.23782888054847717,0.38944268226623535
869,0.4165280759334564,0.15537424385547638,0.3187481760978699
870,0.21938273310661316,0.12509247660636902,0.3130204677581787
871,0.2458249032497406,0.603983998298645,0.3804313540458679
872,0.0939917117357254,0.15922242403030396,0.07363556325435638
873,0.14635062217712402,0.07391463220119476,0.18303218483924866
874,0.1913725733757019,0.16923776268959045,0.5336019992828369
875,0.16109821200370789,0.11000090837478638,0.2523508071899414
876,0.016511406749486923,0.032104868441820145,0.03237423300743103
877,0.22652040421962738,0.4508621096611023,0.24965456128120422
878,0.20126888155937195,0.32775115966796875,0.3914150893688202
879,0.5403966903686523,0.2099868506193161,0.3859133720397949
880,0.22192758321762085,0.15840846300125122,0.3583589494228363
881,0.2617543339729309,0.5995031595230103,0.36790716648101807
882,0.03781361132860184,0.05970505625009537,0.03450516238808632
883,0.18028730154037476,0.09989866614341736,0.21386444568634033
884,0.3550858199596405,0.30779945850372314,0.6601316928863525
885,0.23336540162563324,0.12508460879325867,0.3185274004936218
886,0.010805916041135788,0.02386009506881237,0.02316569909453392
887,0.30782708525657654,0.6018582582473755,0.28431278467178345
888,0.12712809443473816,0.16286003589630127,0.2733350694179535
889,0.4782622456550598,0.18094924092292786,0.33542388677597046
890,0.08875980973243713,0.08511587977409363,0.23548433184623718
891,0.24691134691238403,0.5410497188568115,0.3179030418395996
892,0.03412027657032013,0.06981349736452103,0.04495497792959213
893,0.07811124622821808,0.03262931853532791,0.12526445090770721
894,0.3177820146083832,0.3339885473251343,0.6866511702537537
895,0.18885216116905212,0.12575048208236694,0.2710915207862854
896,0.025474335998296738,0.028416894376277924,0.03816493973135948
897,0.2089814841747284,0.40490293502807617,0.23397529125213623
898,0.12931422889232635,0.25173360109329224,0.31518256664276123
899,0.4453124403953552,0.19464528560638428,0.32181209325790405
900,0.21526771783828735,0.14506743848323822,0.3440358340740204
901,0.21495412290096283,0.4663899838924408,0.2883222997188568
902,0.018257208168506622,0.03791796416044235,0.03170517086982727
903,0.11993640661239624,0.05076895281672478,0.15382695198059082
904,0.3863704204559326,0.32205259799957275,0.7161213755607605
905,0.16056564450263977,0.10392190515995026,0.2874625623226166
906,0.011575351469218731,0.020121511071920395,0.017264585942029953
907,0.2339179813861847,0.49378788471221924,0.2673819959163666
908,0.13700908422470093,0.23641294240951538,0.33181750774383545
909,0.4380965232849121,0.17145368456840515,0.3090670704841614
910,0.1900760531425476,0.17526456713676453,0.3268783688545227
911,0.24404877424240112,0.4882671535015106,0.29759472608566284
912,0.04171627014875412,0.0790238156914711,0.04562736675143242
913,0.20697033405303955,0.10639085620641708,0.20498892664909363
914,0.33181482553482056,0.3404870927333832,0.6986152529716492
915,0.21669654548168182,0.16009114682674408,0.3200487494468689
916,0.0414053313434124,0.07591298967599869,0.04248166084289551
917,0.21213208138942719,0.41048598289489746,0.24041615426540375
918,0.10292734205722809,0.1895732879638672,0.3127326965332031
919,0.5187122821807861,0.19875600934028625,0.3430294692516327
920,0.07995752990245819,0.0763937383890152,0.21745049953460693
921,0.2558496594429016,0.467263400554657,0.2752612233161926
922,0.026479488238692284,0.06300496309995651,0.05345572158694267
923,0.14504015445709229,0.098366878926754,0.20457284152507782
924,0.3229031562805176,0.3328460156917572,0.6659244298934937
925,0.14584138989448547,0.08616294711828232,0.24837689101696014
926,0.01770998165011406,0.0401366725564003,0.04027038440108299
927,0.2679499387741089,0.5908918976783752,0.3466496467590332
928,0.13805675506591797,0.18463918566703796,0.33135372400283813
929,0.4828072488307953,0.18578997254371643,0.3632979393005371
930,0.18541978299617767,0.17547748982906342,0.3364415764808655
931,0.23110567033290863,0.5744987726211548,0.39180466532707214
932,0.017735576257109642,0.04304027184844017,0.04151094704866409
933,0.13437598943710327,0.09206198155879974,0.17326012253761292
934,0.34325796365737915,0.3124523162841797,0.6881884336471558
935,0.17463728785514832,0.09781774133443832,0.2470845878124237
936,0.03006482869386673,0.05875098332762718,0.0383024588227272
937,0.2551831901073456,0.5017092823982239,0.24881678819656372
938,0.049282561987638474,0.08610114455223083,0.24966031312942505
939,0.5325075387954712,0.2055569589138031,0.37693411111831665
940,0.18532896041870117,0.15047909319400787,0.322652667760849
941,0.20955711603164673,0.469664067029953,0.3044743537902832
942,0.045089900493621826,0.10293781757354736,0.07126276940107346
943,0.1671687811613083,0.09506245702505112,0.20939499139785767
944,0.3813272714614868,0.3929785192012787,0.7195605039596558
945,0.1740262359380722,0.1448381543159485,0.2488686740398407
946,0.011382073163986206,0.0264827162027359,0.02657482400536537
947,0.27499645948410034,0.595484733581543,0.3284202218055725
948,0.11776372045278549,0.2008325308561325,0.2926029860973358
949,0.4810970723628998,0.1909829080104828,0.35868513584136963
950,0.19954369962215424,0.1584635078907013,0.3193315267562866
951,0.25764280557632446,0.4709429144859314,0.27048012614250183
952,0.020385686308145523,0.03996802493929863,0.027936473488807678
953,0.18934909999370575,0.08139593154191971,0.2255168855190277
954,0.41440826654434204,0.4184132218360901,0.7610427737236023
955,0.1678203046321869,0.09328369796276093,0.2227930724620819
956,0.016892794519662857,0.03594294562935829,0.029318299144506454
957,0.2841982841491699,0.5902052521705627,0.30754292011260986
958,0.13007763028144836,0.2004847526550293,0.30364423990249634
959,0.43799352645874023,0.174355611205101,0.31238222122192383
960,0.19107048213481903,0.1549493968486786,0.36244937777519226
961,0.20347025990486145,0.42586490511894226,0.24464112520217896
962,0.03401149436831474,0.06811036169528961,0.04628067836165428
963,0.17613443732261658,0.08317723870277405,0.2241547405719757
964,0.2331150472164154,0.26386338472366333,0.6419305801391602
965,0.22576719522476196,0.1601174771785736,0.28312283754348755
966,0.04107655584812164,0.0892302393913269,0.06546679139137268
967,0.2314605414867401,0.5305567979812622,0.331274151802063
968,0.17918244004249573,0.23884209990501404,0.3758274018764496
969,0.6736571788787842,0.26335060596466064,0.4475761651992798
970,0.19826552271842957,0.21237912774085999,0.34538787603378296
971,0.21855370700359344,0.4667380452156067,0.2900012731552124
972,0.01502839382737875,0.03295234590768814,0.039126649498939514
973,0.1316707730293274,0.08008486777544022,0.18648819625377655
974,0.23369461297988892,0.23514428734779358,0.604465126991272
975,0.09663474559783936,0.047589998692274094,0.17721092700958252
976,0.027256660163402557,0.05890011042356491,0.04499645158648491
977,0.2554248869419098,0.5814085006713867,0.32386767864227295
978,0.10731660574674606,0.155926913022995,0.29905182123184204
979,0.44973254203796387,0.1761084496974945,0.36112523078918457
980,0.19111987948417664,0.24835553765296936,0.36118942499160767
981,0.2582746148109436,0.5679198503494263,0.32759881019592285
982,0.02753373049199581,0.05438568443059921,0.03515245020389557
983,0.1251731961965561,0.07188177108764648,0.20973555743694305
984,0.3236546516418457,0.3078159689903259,0.6624027490615845
985,0.19450196623802185,0.12197916209697723,0.2562258243560791
986,0.033016372472047806,0.06965137273073196,0.0492672324180603
987,0.17637759447097778,0.36502140760421753,0.22828726470470428
988,0.16431966423988342,0.23492422699928284,0.338021844625473
989,0.4279857575893402,0.17128245532512665,0.3315628468990326
990,0.22974476218223572,0.24331003427505493,0.39289984107017517
991,0.22145289182662964,0.37254464626312256,0.2294580191373825
992,0.03031715378165245,0.055344607681035995,0.03818798437714577
993,0.1839623898267746,0.12615682184696198,0.2547765374183655
994,0.504059374332428,0.5250470042228699,0.8331359624862671
995,0.1859961450099945,0.11738957464694977,0.2546020448207855
996,0.007800789084285498,0.018123039975762367,0.02270510420203209
997,0.24249480664730072,0.5300266742706299,0.30369144678115845
998,0.2480037659406662,0.26534661650657654,0.40707048773765564
999,0.6705631017684937,0.2627844512462616,0.465393990278244
