timestamp,value-0,value-1,value-2,is_anomaly
0,-0.025891626626724857,0.8070841053545774,0.9275299289220904,0
1,0.3551860003843508,0.29092167468464447,0.8655552472702818,0
2,0.972662166518077,0.09587537789486825,1.2144679434896597,0
3,0.9332187752449745,0.6423892120362559,0.9884981618737804,0
4,0.35838767486506046,0.5057448890096286,1.051660484362754,0
5,-0.07139186727586581,-0.022953872576014434,0.9935066659039936,0
6,0.30729048262851905,0.5287551135232961,0.9141961048758922,0
7,0.9703860785499603,0.655613242706353,0.8763796530872692,0
8,0.8950548894918315,0.07356073386534528,1.1553191685033717,0
9,0.37018926708059174,0.29891237194202686,0.985938988789585,0
10,-0.02400865061348543,0.7189322588432235,0.9796179830234272,0
11,0.32721663369295084,0.2808161585023474,0.9782826005779801,0
12,0.9033038385798888,0.07580227881406568,1.1715534182294585,0
13,0.9112069243738393,0.6273866877812162,0.995370104491865,0
14,0.27199439778664614,0.43791742096167824,0.8750077064351003,0
15,0.010225632364366842,0.019873802925424608,0.9960407994197513,0
16,0.391920704351787,0.45693793268735444,0.9546674297232087,0
17,0.8519876184252455,0.6866952292480433,0.8332478689349242,0
18,0.7918093736846243,0.08637929170851182,0.9421242554754179,0
19,0.3220540634547519,0.264959703541021,1.0103805491893796,0
20,0.08170265535048203,0.7524669293063811,0.9821826054152458,0
21,0.33653621740765816,0.22078419695067167,0.9485863258812693,0
22,0.9371244748796224,0.08277819595087171,1.0087059625617432,0
23,0.9347640500561651,0.669251393709682,0.974434730665584,0
24,0.349265961542863,0.5053951177322155,1.1034250314387635,0
25,-0.00258642155534225,-0.01603067138347454,1.0716590934128989,0
26,0.33321048531840847,0.4188688147445435,1.0843047058090571,0
27,0.9260037972400368,0.6820340434150644,0.8894709557845217,0
28,0.9112009405322921,0.06871140647250018,0.9547512911950952,0
29,0.35205513869382987,0.27796451362677177,1.058222465292334,0
30,-0.052768739559516026,0.7441920555125395,0.8070442031816857,0
31,0.3777196739200837,0.2574637492020601,0.9976190331794393,0
32,0.9285277005642691,0.06449977311638908,0.9823461169166967,0
33,0.9224097258877435,0.6275850976210706,0.8890620386747554,0
34,0.29699821947220084,0.4902342873743741,1.0899616160705052,0
35,0.03590657193721737,0.029961660457228236,1.0117259632261804,0
36,0.32710537057444383,0.532372435714756,0.9582182088885292,0
37,0.9007284633591055,0.7378644270145394,1.0118181397187624,0
38,0.7858946418960109,0.0342678757361119,0.9683281822475244,0
39,0.23338645926703094,0.2652407573158132,0.8667204208240282,0
40,-0.02900492332470222,0.7624903330998791,1.0410903731354741,0
41,0.3451460528190572,0.24856635413663686,1.0169501124353062,0
42,0.9086693013545886,0.08897289042572612,1.0547988141957907,0
43,0.8645661297404524,0.6548860903040423,0.905541323398731,0
44,0.35538678343154473,0.5195981361427879,1.0503808418814295,0
45,-0.02614106510461561,0.049235630709476376,0.877195289225806,0
46,0.3894822753515175,0.5347796744080815,1.0432869333151056,0
47,0.9072094327331818,0.6805372074048127,0.8566243992911924,0
48,0.8202153547281996,-0.06554738031006205,1.141023227827312,0
49,0.31867217010540966,0.34040026886267183,1.0863660492260943,0
50,-0.012188889191032696,0.7029600554677635,0.9836877045083847,0
51,0.25519616110818133,0.24707065279539275,1.0995013900177462,0
52,0.8702988032824129,0.10072907985927763,1.0346659251185022,0
53,0.8907920969328504,0.6723638252038562,1.0061349851948902,0
54,0.36043614423766335,0.5164583907144455,0.996034663219744,0
55,-0.0070223473070888925,0.0815404652019127,1.0262130690397029,0
56,0.3501703857119568,0.5446611634465776,0.8363684308548799,0
57,0.9180943564750055,0.6853327442031826,0.9832692627633777,0
58,0.8525965090437578,0.014691259634958417,0.8729946094710614,0
59,0.25577503676152336,0.367058022528048,0.8241757505249778,0
60,0.0007814381351907019,0.7426400567750153,1.1137634536743148,0
61,0.390903616209374,0.1633298476904141,1.048814315327081,0
62,0.9706665267275388,0.0812584716539312,0.9934315279823173,0
63,0.8509574018836038,0.7212481455376061,0.8729302230696278,0
64,0.30867151742415655,0.425315844357377,0.9495721459417868,0
65,0.11598469036606707,0.017678766333499053,1.0335562356923287,0
66,0.383466383646117,0.4859377882113642,1.028184663801574,0
67,0.9715590187700452,0.6293342922820868,0.8916812358712771,0
68,0.8622755541982637,0.02707307355720212,1.101034670940637,0
69,0.33283420765015465,0.27435794872194086,0.9371847266573154,0
70,0.07568254352386992,0.7935686239953138,1.0823746434024235,0
71,0.4180385625964584,0.16275195110026178,0.881614650347255,0
72,0.9406790757661162,0.12700161484663378,0.9583409943754612,0
73,0.8991802119479806,0.748817628491908,0.8957591131922175,0
74,0.3718353809336946,0.3994772649385158,0.9432444660391504,0
75,-0.0825064233147411,0.02335242071489049,0.9379855441307865,0
76,0.4078967854988813,0.5539553789907675,1.17971602869804,0
77,0.9439828885834416,0.6571593918669649,0.9914622323136811,0
78,0.972029141773253,0.09933230663757625,0.7444581953007523,0
79,0.33016877211724965,0.32791314147830425,1.1186908491522642,0
80,-0.025693034868594426,0.7171788683801437,0.987823369428384,0
81,0.3889951388694477,0.2335442033826731,1.023376279423596,0
82,0.9552210016458662,0.07239638105834008,1.0391160734298137,0
83,0.9703048252593492,0.7866726982895431,0.7759033237922386,0
84,0.25447568631184825,0.4627283594797503,1.0304198495213406,0
85,-0.021239570299787916,0.06426081179049226,0.9111417466809434,0
86,0.36221670034258213,0.5797943965477759,0.7838757615310165,0
87,0.9468653603177137,0.723311773713688,0.7963547512890159,0
88,0.8404253023903764,0.0015477286172339497,0.9860226412397707,0
89,0.2882835966913245,0.34579991424811435,0.8792181362892768,0
90,-0.06747433840160322,0.8419316501592149,1.0176826574972837,0
91,0.4477561290982639,0.24746839060030462,0.8551767755148657,0
92,0.9719929546477757,0.09201142782703038,1.0339470815847933,0
93,0.823333571659426,0.676783776720481,1.0980468387248086,0
94,0.25902783637398413,0.4672776637704003,0.9220179497598531,0
95,0.05596623489812607,-0.01934985223953742,0.9523899661902494,0
96,0.4057651204281374,0.509273418740583,0.9681462306900207,0
97,0.8849529205616267,0.619162722199466,1.0005627445217782,0
98,0.8422373273582805,0.02222598027382,0.7884902463256471,0
99,0.2665571992785236,0.28090546716177556,1.0916029504900602,0
100,0.06719912326609868,0.7797289866529817,1.1174745059595268,0
101,0.32732775469732267,0.20386560232795883,1.212551979972967,0
102,0.9571178907346204,0.11880448430439011,1.0432350331354359,0
103,0.8451670930595597,0.766415693209846,1.052254791920854,0
104,0.2732610770351572,0.3374600095487259,0.8346603706626089,0
105,0.04224020999712592,0.015754364365512367,0.9856475509250133,0
106,0.4581588874023875,0.6174560369929102,1.0367651110817493,0
107,0.9292418833465824,0.662534473212707,1.0464639381483354,0
108,0.862511052571461,0.015296322050919534,1.1289271057001111,0
109,0.3710484346354338,0.400056056461815,0.8852200872332805,0
110,0.040201344783140615,0.7781438995155284,1.069087081319249,0
111,0.47655386795968724,0.1961274403295556,1.005958217615384,0
112,0.8467801277325377,0.16035807099281457,0.951725932738727,0
113,0.9606527574788309,0.6645876056019004,1.0498728914859612,0
114,0.30039704971468095,0.46991469786258855,1.0062449689767763,0
115,-0.0022658875249274846,-0.06229782758717798,1.0661124818313434,0
116,0.43186142257583404,0.5184022038698827,1.0846502395208033,0
117,0.920650725845157,0.6146684693928914,0.9753904989499601,0
118,0.8010725626873462,0.0250067225276316,0.9946768835253272,0
119,0.2639796968616218,0.4471573344662969,1.144263499078122,0
120,-0.06961970866233402,0.7117810156544986,1.03980496453664,0
121,0.5154819856099024,0.13407654193459395,1.0147270516226696,0
122,0.923678960901809,0.07833928514157487,0.9668305184913066,0
123,0.8947868354115022,0.7396763056726376,1.1374323517732685,0
124,0.3006321528697216,0.4484904695419924,0.890717598437518,0
125,0.02716119918054796,-0.023720811257467334,1.0744312926045536,0
126,0.39119469942541646,0.5644036716509736,1.0191383231610687,0
127,0.9614033762157433,0.5562246376305827,0.9174813962269863,0
128,0.8634070098980551,0.018394488728237617,1.1627486530732065,0
129,0.23142116098112256,0.3214209689800988,0.9365359586427652,0
130,0.08998919864202035,0.750390867907797,0.9608286980737568,0
131,0.38351833610569513,0.151999481196106,0.9914919498555129,0
132,1.0003187563012998,0.1504434366102278,1.1828041652839163,0
133,0.8111459086984191,0.6673618731374225,1.2135405386573213,0
134,0.28555942882797297,0.4339671392564901,1.008326694462109,0
135,-0.051437487972973116,-0.0077466494802095505,0.9894524934867055,0
136,0.5039519773458014,0.5752723665613235,0.9481950190078308,0
137,0.8830255496615006,0.6140443757957343,1.0454524536197907,0
138,0.8410566355840091,0.04935860842579723,0.9223005369397612,0
139,0.27113132816901425,0.37431752782202743,1.1502471582584144,0
140,-0.025594477148537825,0.7121720334110497,0.9545425079820402,0
141,0.5052351217639947,0.19299025445077508,0.9796082209202557,0
142,1.0464195681062083,0.10611658038157047,0.995974155744703,0
143,0.8767302385225062,0.740776476539985,1.0035459922335235,0
144,0.24429778180929546,0.41286345353189985,1.1395246046698717,0
145,0.003294402476681944,0.029981404841260197,0.9605615640159166,0
146,0.4801167405163488,0.6495340646254907,1.1455197648716213,0
147,0.9302710635176347,0.6661744128068218,1.0297972694321142,0
148,0.8407397625289833,0.044577658576477774,0.9461801357561785,0
149,0.3281575386666705,0.36937085979008616,1.0395151260482483,0
150,0.02064723152810713,0.7763390900949599,1.0037974671950496,1
151,0.8725352952451613,0.1657115111349374,1.0906208211996715,1
152,1.864101032901821,0.1380253163905657,0.9176233663551563,1
153,1.6452903350156105,0.6792197077065255,1.0573297917929143,1
154,0.43316513685108915,0.375113600650346,0.9001850545558319,1
155,-0.031575766447303005,0.05712966330332485,0.923287930805624,1
156,0.9471117354976609,0.5493386224610838,1.0256240944003845,1
157,1.8804466830563316,0.603795200028937,0.8534205570072391,1
158,1.7553567341473582,0.0009025267857823774,1.1081118066757825,1
159,0.24209770245914175,0.3837529854392958,1.099551188187144,1
160,-0.015055712181388063,0.7545317947512404,1.0606825733352083,0
161,0.5235851577600883,0.19713894121024533,0.9971509631488166,0
162,0.9300102133174893,0.16610464478821374,0.9883940461999242,0
163,0.881760120213894,0.678918128917693,0.9720039014240367,0
164,0.21534919661976648,0.267425510816918,0.9417849738202093,0
165,0.06300674427576605,0.030794232908782956,0.9368288303339386,0
166,0.37347135642004464,0.5929178978705353,0.8729752681623955,0
167,0.9831394940147336,0.6607186704068655,1.286353937682362,0
168,0.7979603216494203,-0.0037963401495956367,0.9412591322520235,0
169,0.23382990726868672,0.38397181595417346,1.086541484237953,0
170,0.001696744268319868,0.7049426419502934,0.8724581890538236,0
171,0.44486540523126994,0.15129668949656655,1.0276064005537717,0
172,0.9839929534026657,0.11461574755438522,1.017609980297787,0
173,0.7896435218319576,0.6773054835001721,0.9056866845879701,0
174,0.26989982918786287,0.3895636749363629,0.9522178806650006,0
175,0.03530397306983489,0.034582694846938836,1.037940340724162,0
176,0.45322690994951786,0.5631420371673059,1.1196757424338426,0
177,0.920891593574521,0.6026577443748141,1.1286359216813304,0
178,0.7804935195479387,0.046823219912546996,1.0127050735823884,0
179,0.13994667922175263,0.42024736906905485,1.1344368434989012,0
180,0.03378719185669667,0.7265047683192188,1.0211007019605347,0
181,0.45717001408881225,0.0804824886345234,0.9816242532434707,0
182,0.9754906270748241,0.2092602972435564,1.0052976978845005,0
183,0.8289509105264983,0.7526042414988711,0.895843120953148,0
184,0.2903260098692367,0.3495484122225851,0.8962551857641705,0
185,-0.0016946514999056621,-0.04365550611319697,0.9894465323304176,0
186,0.49586817234425573,0.6472086328701807,0.9305143564825977,0
187,0.9478250693370097,0.6028030138142554,0.9971608035065349,0
188,0.8350765558983297,0.02299563037920596,1.0539532343557687,0
189,0.21611712220814558,0.3666044462230454,1.047085141399089,0
190,-0.039769962121128884,0.7504593720991043,0.9651115681407973,0
191,0.45854397881910075,0.21617533020209462,0.9536368979451226,0
192,0.9290627332402416,0.21548614766465213,0.9559851073055756,0
193,0.7489629989933607,0.7437041550174702,0.9754327741478275,0
194,0.1887906188725768,0.35259358645281375,1.1089984598607492,0
195,-0.03993510032930411,-0.0032560778390750417,0.9677509995979391,0
196,0.5206026842921853,0.6242404600575109,0.8748095862666996,0
197,1.0207270113512545,0.6006817631230885,0.8425064084226985,0
198,0.8513327177817583,0.038494330001632535,1.1071703117419207,0
199,0.28594332513648946,0.39472442295897076,0.9548045330720203,0
200,0.05072207008880017,0.6652003832618884,0.8992791499379725,0
201,0.3827042617474435,0.17830938406813263,1.2253954734904209,0
202,0.9533901760515516,0.19204085270887605,0.9426051165645508,0
203,0.8443644691066509,0.7708452951212058,0.9224832088224793,0
204,0.2608130551859489,0.30028054200966336,1.0906597819532584,0
205,0.03159135207263167,-0.05169771277571007,1.0744173539845248,0
206,0.41642889645131187,0.6512065465926306,1.0266191796399533,0
207,0.9654063479280339,0.5676766218514199,1.02917158015318,0
208,0.7735853477000985,0.022615047989535668,1.0230921515483449,0
209,0.33431972682913313,0.44271336326983163,1.0926019063885812,0
210,0.058502917327793044,0.7005488727104408,1.1410414476446333,0
211,0.42985658851366737,0.06690843640028762,1.002408961237857,0
212,1.044063451227337,0.28147285931806476,1.0814263957404104,0
213,0.8965501221375081,0.7939758960731074,1.1059241381173488,0
214,0.17357908283560428,0.3985579941433928,1.0111236658011151,0
215,0.026392400607734994,0.0035008359250529933,1.0803522020567777,0
216,0.44061805392410724,0.618745405122228,0.9856651311280699,0
217,0.9206535241504072,0.5385089442961206,0.9886017105024846,0
218,0.804813810676456,-0.037651581862668176,1.0012671939902753,0
219,0.2254850376472611,0.4479430116753693,1.0752754818207728,0
220,0.01406734962905212,0.7277563415243526,1.117709065008438,0
221,0.5466630555291389,0.17630253069879562,0.8388625051013392,0
222,0.8949027775316912,0.15419805167724868,0.7306667993550136,0
223,0.8372375713876603,0.7506351906705552,1.0047062755692322,0
224,0.2221410799954125,0.37310232579357344,0.9816297692602536,0
225,-0.006363778036070588,0.1394595386372835,0.9435175692228446,0
226,0.4266674712580443,0.6626787570942024,1.0693873593036938,0
227,0.9057173400991012,0.5271788973367167,0.8835252707661343,0
228,0.8298716884067985,-0.04019078351364904,0.9161466305931707,0
229,0.24613682954194616,0.4117607781350518,0.8933101649213876,0
230,0.07514881855541211,0.7455011369341209,0.90994502290591,0
231,0.5287328343733337,0.08696854136009352,1.0331687456041454,0
232,0.8946486997403751,0.23141518810280565,0.996297936973381,0
233,0.7751863048597942,0.73666507505394,1.1598147638047365,0
234,0.18743738170692975,0.3037437536618329,0.9261317403108825,0
235,-0.02436971817521538,0.016945299555033846,0.903218728373419,0
236,0.44568561555915126,0.6006273642381728,0.9173360121068916,0
237,0.8659223012807795,0.5957953584058946,1.1611089699517758,0
238,0.734901321882049,-0.044465816324600234,0.9689191096871557,0
239,0.25485422563841786,0.348928087149332,1.0265015355584934,0
240,0.012136972528628276,0.7303207459189732,0.8348664773058365,0
241,0.48243256360404263,0.11399383805389707,1.1804138164903568,0
242,0.954419151008259,0.18368945966835826,1.0002762578949704,0
243,0.7533860809539358,0.7967203931115283,0.7751007660017502,0
244,0.20096366719224681,0.30775849841333325,0.8949821720144521,0
245,0.029712880273469768,0.0844418294620117,0.945034125512261,0
246,0.458387066186864,0.5800893495668332,0.9057569779065654,0
247,0.9757513761683971,0.5754934652034938,0.919166678526168,0
248,0.8034411599678242,0.035587118774974814,0.9904533044831741,0
249,0.15653648553881008,0.46226484289117686,0.9892178553448906,0
250,0.028203533904166012,0.7096954478088642,1.1062791551869324,0
251,0.4736205976432926,0.07545447801387734,1.0627866407431794,0
252,1.0064296873397556,0.22329500971544408,1.0730136367193535,0
253,0.8018238227087233,0.7489928985195321,0.8525869649699602,0
254,0.21578774798090547,0.36597088489950746,0.9476623084295002,0
255,-0.049575959317036115,0.06678726684455558,1.025374885166553,0
256,0.4712934046029159,0.6295980788869313,1.026148512515891,0
257,0.943331625106974,0.6268054036777438,1.027699950116675,0
258,0.768128773701674,-0.022039677551506473,0.8813131192130369,0
259,0.19512009839332023,0.3966999531246179,0.8431771290436006,0
260,-0.014217485420965043,0.799866998071133,1.0927677840312837,0
261,0.4948748448900446,0.04892258366569392,0.9139583589552509,0
262,0.9570450153862886,0.17502651906921068,0.8748709695588215,0
263,0.776935800852282,0.7580637695218893,1.2008809024834406,0
264,0.21726055157090093,0.2570229224212033,1.0756785191256706,0
265,-0.006125727617226066,0.06604791227971177,0.8636822396303487,0
266,0.6292348207719216,0.6223029252090435,0.9806294146097353,0
267,1.0057274004821277,0.5482557494957134,0.9460358149191977,0
268,0.7589485066821829,0.007681306132144902,1.0314362155668348,0
269,0.21691862855072502,0.4483630688840156,1.0389214090695817,0
270,-0.008514291314161891,0.7518057435246748,0.8369522256244619,0
271,0.5925392821669805,0.11000391194369488,0.8584131382491977,0
272,0.9678637723653879,0.23494288144707534,0.917662272118376,0
273,0.7731207305866273,0.7017682143293721,1.0846425256677084,0
274,0.21009856981356526,0.30405577682350715,0.9545661755498458,0
275,0.042618874620967355,-0.009033699260777274,1.2252035604007163,0
276,0.5358918651271927,0.6690987618128813,1.050414221129427,0
277,0.8935069713388175,0.4937116601736519,1.018960234134004,0
278,0.793446467226917,0.04664552271200696,0.8819308114021157,0
279,0.17923867878395247,0.4628592393244409,1.0589423981670971,0
280,0.06348867178197265,0.7172224164861554,0.9931704622423798,0
281,0.5220251717346756,0.068759517196623,0.996582758837867,0
282,0.9110498616757238,0.2209865851787612,0.7667334466710185,0
283,0.7383355917151799,0.7974151024306978,0.7106338300028334,0
284,0.21990364838168125,0.2651463124344421,0.9378627056378285,0
285,0.08794228489998628,0.05286983989985903,1.018568594438438,0
286,0.5219471188754655,0.5574578482520887,1.0215349079341522,0
287,1.032875602723514,0.530011126654984,0.9201886606895248,0
288,0.7957330706807236,-0.024732421459128323,0.9958428583012534,0
289,0.23270220686989482,0.4192447027876726,1.0132336847810983,0
290,-0.03314099589638069,0.6677221707191858,1.0452253492138024,0
291,0.4590804453706897,0.14897220058402158,0.9132343231988058,0
292,1.014566789586568,0.22829940165380375,0.9205234171731876,0
293,0.7360759025936352,0.7178602512724156,0.9877716030064768,0
294,0.26468389097658834,0.25208315068999293,0.9257434550581686,0
295,-0.04171518209276393,0.0308308165275194,1.0416180837563933,0
296,0.6133586542317035,0.5928608486903193,1.1286894985474067,0
297,1.0510886606638834,0.5494359889403468,1.0452155242214123,0
298,0.8280787982766153,0.03818192663125444,0.9409073960832954,0
299,0.17005240030406193,0.3889861439574415,0.9613616687975909,0
300,0.003432796129220539,0.6724001341883483,1.0619707969786936,0
301,0.537815214044757,0.08792388648867762,0.9840519075837482,0
302,1.077284851341773,0.30032109267135965,1.2394429201277763,0
303,0.7291070820823455,0.6799239577082958,1.132487934764251,0
304,0.0930304311445697,0.19866715195426488,0.9485970432914416,0
305,0.02232064043680853,0.10876759509649479,1.2499971781443984,0
306,0.49786643394292024,0.6559369897804572,1.0686626996197042,0
307,1.0223583028776126,0.5126336359430961,0.8260179320514133,0
308,0.7897703004638121,0.01921130315422966,1.0112613779286934,0
309,0.19173603670375453,0.4829179970495325,0.8931051320284463,0
310,0.019671019035657718,0.649372026421934,1.0397290936034052,0
311,0.5757822054381558,0.10968430328556177,0.8657727917749355,0
312,1.0377010448147328,0.29308853610338986,1.0786213982726551,0
313,0.7595054642147093,0.7650725374782694,0.8720282089359246,0
314,0.13876048073864392,0.2859332906717244,0.9131792963548075,0
315,0.05817024719362877,0.11351245186706048,0.8990858027875122,0
316,0.5560705908181969,0.62378597138893,1.1335289410349143,0
317,0.9930293996676073,0.5403338825704728,0.9570509190787845,0
318,0.6840888996420037,-0.0819375862399976,1.0217876883594297,0
319,0.22788242534319392,0.4744757665016763,0.8487711811292292,0
320,0.16269840573282973,0.7454581369311831,0.8239181072795954,0
321,0.4922270567461558,0.07452458237059621,1.0517529313883907,0
322,1.0216307952814532,0.25349241375649817,0.922058960094762,0
323,0.7516465054935667,0.6935847218439853,1.0036145970855,0
324,0.20816222968427972,0.24706313114200712,1.1589597398291205,0
325,-0.000120089854516163,0.09494403229408716,0.9727043282912157,0
326,0.6094098715197999,0.6443728014322586,0.9814392935637423,0
327,0.9997865193445785,0.5300865510420352,0.8733637822705699,0
328,0.688388762605167,0.012247428578955685,1.0379504343941932,0
329,0.1043179353150326,0.5519193667644361,0.9757240257749673,0
330,0.081815283303008,0.7355980196234233,1.005718984492289,0
331,0.5318966140533405,0.0901174738239506,1.0926397051756953,0
332,1.029598533305724,0.24852355136386992,0.9396437227290437,0
333,0.7393984421843558,0.7317313808924986,0.9385833266879049,0
334,0.21210100504741222,0.33502566820135604,1.0716255972826165,0
335,-0.03028211685102701,0.13021280571987207,0.8686071948056495,0
336,0.5753176431145139,0.7027849041369728,1.0653149130456447,0
337,0.8674902490972337,0.4614683372219414,1.012317595216631,0
338,0.7154953679585441,-0.01593793043716765,0.9291403559230581,0
339,0.13246882272911875,0.5128160736710847,0.993631969067351,0
340,0.010584702691972321,0.6599418466524885,1.0210412260540553,0
341,0.5746737364891135,0.06760721884383407,1.0710161886183132,0
342,1.0376934481387086,0.284572012038483,0.8912692025142317,0
343,0.7200903666272994,0.7554903297993756,1.0372274434013065,0
344,0.09644716318605621,0.3442977731928918,1.006709985291016,0
345,0.09418952665816746,0.14727290528813097,0.904130306757596,0
346,0.6479339676777485,0.7231188972856969,1.025306088802399,0
347,0.9190385292985452,0.46925620414192487,1.1465241940279811,0
348,0.7154224751845699,0.021394063668175152,1.0139518007351012,0
349,0.13764623151084016,0.4698161300516746,0.9703055234335375,0
350,0.016731499423084394,0.5878263276474665,1.2861182299653202,1
351,0.6456625393072049,0.12394106722786341,4.986120620145265,1
352,0.9478301768034524,0.22953128005171802,5.046722901021275,1
353,0.7883003446293856,0.7068693145930732,4.95115177048421,1
354,0.07887526875679679,0.22816566083490855,5.010179510864516,1
355,0.1522356151707241,0.11788644761771663,4.996144430958816,1
356,0.5087276966325294,0.6348594001601919,5.093975042374844,1
357,0.99686476917354,0.5009025430169671,4.94797345682274,1
358,0.7934104704406009,0.001413458151420467,5.157970750155674,1
359,0.15772629903781651,0.4960728446128774,1.02474024106337,1
360,0.03069469261911155,0.6734039417031283,0.9541759021634407,0
361,0.6157819611001377,0.11056100083458315,1.0129200844574877,0
362,1.0160789799497256,0.3105212406692249,0.986450390123805,0
363,0.6817498668459916,0.7364639062154744,1.018964266293749,0
364,0.13752596834085667,0.241249174213058,0.8662126703458408,0
365,0.11073598736338677,0.09572883420216728,1.0935565608788578,0
366,0.5104090259255933,0.7143129882465066,0.9773628191275924,0
367,0.964423167002274,0.4073686156856614,0.8963349135698244,0
368,0.7114535620424673,0.043199216847539273,0.9931162688411593,0
369,0.18727594489410876,0.5754202109763198,0.9847224711645012,0
370,0.013528972750020095,0.6911868215499597,1.1442617906312795,0
371,0.5926547070629532,0.07604142271535645,0.9022518174755522,0
372,0.9917688680624376,0.309887941868593,1.0617771539409493,0
373,0.7618564436822259,0.8110109445469705,0.9782960541471749,0
374,0.10409276602731776,0.21319391778911356,0.9029972865089599,0
375,-0.04030573719370926,0.10961041282067913,1.0786710431438802,0
376,0.659863618122368,0.6879127802156804,0.9187528503030129,0
377,0.9526446434298315,0.4712729480453617,1.0596098337643813,0
378,0.6875940125419947,-0.002367730312719279,0.8969774258467162,0
379,0.08792553750551838,0.5132378319409563,1.063199450957632,0
380,0.017695426064818692,0.6599084087294781,1.0050864281872172,0
381,0.5648796494492203,0.06843551959810637,1.045303825523457,0
382,1.0032063600225414,0.32891323605998973,0.9669260973884367,0
383,0.7490014172565137,0.739621381344902,0.9357050852232256,0
384,0.13125739297978437,0.296245895821429,0.902993056358391,0
385,0.1575934493049089,0.04959797116643303,1.006746149042296,0
386,0.6495546931718952,0.7127066597435562,1.160985615511662,0
387,1.0316372903880953,0.43061645423162076,0.9716129890221922,0
388,0.6702380355014629,-0.04277926340186108,1.1597188189202583,0
389,0.10038157450516039,0.5541388158126305,0.7576987050488692,0
390,0.12235198449946721,0.6435451943655547,0.977849998954034,0
391,0.6996916406952479,0.09109561332664495,0.9529403488995055,0
392,1.0278080317231086,0.32921106478798906,1.1897879969028793,0
393,0.7573479938712318,0.766609069250856,0.9559437963721128,0
394,0.12852291280712672,0.3082513262691354,0.8974563246570234,0
395,0.10025641165639632,0.06482547062767582,0.8657022019888001,0
396,0.6248341515993545,0.6573217565947256,1.0027776218989797,0
397,0.9842301029135135,0.42151034126160286,0.85649344097319,0
398,0.6929193641788767,-0.005923505048270941,1.1009715372608733,0
399,0.1431588012698447,0.5134216336247478,0.9601773446529311,0
400,0.13392994168504818,0.6688018446881068,1.0663545758363113,0
401,0.6178679483113182,0.08169914635538834,0.9581712719758742,0
402,0.9908049118557182,0.3655700775376126,1.0113034405183403,0
403,0.7466109838060685,0.767978873526676,0.8053563045326075,0
404,0.032010954987242615,0.21757677435846814,0.9702418880123939,0
405,0.060218568084099006,0.11091100231314024,0.9418124245625673,0
406,0.6365844554252216,0.6988453364391194,1.0913647391262862,0
407,0.935026897890416,0.43797385567004127,1.022549931603453,0
408,0.7042903482985273,0.007964636036428878,1.1289837274133834,0
409,0.18152800190750046,0.5653846128988129,0.9759727301458576,0
410,0.09700892390699384,0.6415293033054856,1.1475422886242848,0
411,0.7382251873163223,0.05241385434406284,1.0713575140869818,0
412,0.9565525524389826,0.2926688052436227,1.167796279383044,0
413,0.6903082034524567,0.7309100901960733,1.0666221789174846,0
414,0.14583921339054937,0.21638666100233775,0.9462094080079769,0
415,0.13610088424360273,0.08335399018615383,1.0631673201201757,0
416,0.5984819200277784,0.6745894648458418,0.9226049580806721,0
417,1.000418329422222,0.41685160437164853,0.9572345623791929,0
418,0.7340888109756902,-0.05322063244927166,1.0242596588064115,0
419,0.1301512982331974,0.6265404311194509,0.8599310526004164,0
420,0.029501991767839575,0.6716833530206104,1.0945209910337073,0
421,0.5919380210834171,0.08269961029004538,1.0327494360613159,0
422,1.0668840915215434,0.3582062535344405,1.0245025323705392,0
423,0.6998890487762826,0.7398523844378295,0.9327675577780317,0
424,0.11255434127294482,0.20800646787409321,1.0691038215710997,0
425,0.07917545397929583,0.09009120878077455,0.9374894603168537,0
426,0.5947289487665888,0.7404947577635449,0.8538207261803991,0
427,0.973397127871886,0.46247917325646104,1.098387322823749,0
428,0.7586896319046432,-0.03164768140685204,0.9452360978808911,0
429,0.13345050894174823,0.4693059524483386,1.0767351951858217,0
430,0.057319964516312424,0.5679562342756348,1.006643446606762,0
431,0.5208861355592671,0.05330811020705101,0.8677565765492892,0
432,1.0211868066009804,0.3865025294483334,1.0768250058048854,0
433,0.6861659959142414,0.7361096468980225,0.9007184209998258,0
434,0.11704937851221497,0.16184459649630417,1.1538526740954755,0
435,0.08813644223848383,0.08017689478028332,1.075890337422327,0
436,0.6111849493718545,0.684530200686604,0.9004976702192402,0
437,1.0270536463233477,0.45487153973486066,0.9988327258250347,0
438,0.7114141861050455,0.06472132856506842,1.2259441393778872,0
439,0.11164498279427469,0.5586020587905834,0.9725697223942211,0
440,0.09245224935162798,0.6036549285125498,1.1838886375666218,0
441,0.5411132167086036,0.0006328706978331669,1.039452971911967,0
442,1.0153925987076244,0.3490860712175299,1.1145949886870214,0
443,0.7529561261102609,0.7477626913890919,1.1641902182006278,0
444,0.1554437851779843,0.2221084849797521,0.9791999995473964,0
445,0.037991891731982794,0.1163075164579142,1.0067341327825279,0
446,0.6165075859533288,0.7087502364065922,0.9650308591758288,0
447,1.016644268696385,0.40873633367120027,1.0259119625424389,0
448,0.683661592533541,0.0409374640187156,1.1376391316028065,0
449,0.06651090514598831,0.5747049874795819,0.9689037358982513,0
450,0.11975478484264679,0.6446228472300529,0.9668196883349681,0
451,0.6418116380648327,0.013633989845138719,1.0836988660645397,0
452,1.0988639631769908,0.3251681422849013,1.1268932479767986,0
453,0.6230824844336494,0.7221097673861936,0.9750924930835065,0
454,0.13804099118944899,0.15476753609739774,0.9278845076502265,0
455,0.11252993494921998,0.22198871683281896,1.0092218681294598,0
456,0.5688444922842629,0.7278995270296169,0.8844308547479955,0
457,0.9955837616764615,0.3784325006446493,1.0522208910108033,0
458,0.6338370051312681,-0.012770058748869035,0.9612507115983846,0
459,0.16879685484737628,0.6132079364242333,0.9139711601378172,0
460,0.021498797592012314,0.6370120276771795,0.9802311783777885,0
461,0.5920723667421608,0.04891139886606041,1.1633762689054006,0
462,0.9544157559121241,0.35700193935257657,1.028169827876895,0
463,0.7064436640200408,0.7604693287110681,1.0874451796222893,0
464,0.03706592627208048,0.1368779332960324,0.9056797461104386,0
465,0.1474556458311952,0.1676788859029435,1.0657237967966229,0
466,0.5768847881986727,0.663490452086063,0.8641422006791896,0
467,0.9652876701103141,0.4272734867000938,0.9532820979772861,0
468,0.7229123295102059,0.030112653791691826,0.9998359108394217,0
469,0.05821926410150361,0.593207823950498,1.1056034701880657,0
470,0.19634585106078134,0.6618785354366274,0.943535260895721,0
471,0.6263751432870354,-0.014563809108488087,1.1185314683430452,0
472,1.0782937284855292,0.3203637724064017,0.920195341447935,0
473,0.7339995645846569,0.7645950509169583,1.0699584357757383,0
474,0.05783653908296631,0.1963097248504047,0.9913529564265872,0
475,0.0836415416978267,0.13415655114246366,0.8738779135565123,0
476,0.7410784900732487,0.7500191828551879,1.2452087517409216,0
477,1.0739486572245887,0.384293698948115,0.9342948049942862,0
478,0.5944318025372505,0.05730112686915338,0.9221015090115479,0
479,0.04749085278339361,0.5943074510853532,0.9797330294213185,0
480,0.08183889820314334,0.5878905447522741,1.2535646721853475,0
481,0.618051136243648,-0.018541783888711093,0.7563233487724743,0
482,1.0002538736584445,0.3894861368841493,1.0711999985103169,0
483,0.687643526237082,0.6752554183836552,1.130274933018167,0
484,0.05163305177435068,0.17184377864691308,1.0278321374109844,0
485,0.034591251323974295,0.16677769044143131,0.8204651479690483,0
486,0.7000856782885936,0.7205236092762924,1.2003003383101736,0
487,1.0678379157125344,0.28042462165375054,1.2257291655568283,0
488,0.6724953854378766,-0.013054601180343968,0.9882502921302823,0
489,0.1305579435472348,0.5237410688267453,1.0298146699770625,0
490,0.1512872719144879,0.6296516316100047,0.9061015057306925,0
491,0.5953788708436831,-0.01903715639977222,0.9533414497174879,0
492,1.09779724622065,0.3808935698400075,0.9405872247974101,0
493,0.625560953274251,0.7303633746563624,0.7315966235019871,0
494,0.06777320361586452,0.18514789285238753,1.15638861591323,0
495,0.1274550781877577,0.13185334657379302,1.0040159406403102,0
496,0.48535397097535865,0.6536836981617418,1.2463641657551285,0
497,0.9639339911805647,0.3372744503201646,0.8939946641819362,0
498,0.6380814462657562,-0.02399622951514651,0.9519187349156378,0
499,0.18274062181321882,0.5646420526519811,0.8823181041158714,0
500,0.05852792247451564,0.5296697354492248,0.9039228050811343,0
501,0.7296235171098702,0.0293366353340686,1.1674436041579754,0
502,0.9461682930499068,0.33117262895390454,0.9287870956136618,0
503,0.6041308748976517,0.7422869742201506,1.006806964069304,0
504,0.11557618405261028,0.2103659573340438,0.7555733497348145,0
505,0.16520880528345105,0.13176646994237,1.0411147844712603,0
506,0.63750315473811,0.7638387295263814,1.044513305726717,0
507,0.9739819343498495,0.31841548069489806,0.9853700967160592,0
508,0.589629392691942,0.07067208535417051,0.9548397874362037,0
509,0.035603933190944806,0.6225479010219382,0.9666285613519096,0
510,0.12022771063566616,0.5642043297299326,1.0880302083256728,0
511,0.6808096342523092,0.051746028135163644,0.9336596001507357,0
512,1.0205127998546024,0.3642738959126196,0.856933736739122,0
513,0.6794351559291721,0.7647541175382183,0.834741598467845,0
514,0.10453166302668115,0.18884256132274185,1.0089598828539288,0
515,0.1265787609516935,0.2236077478512275,1.1675724664732106,0
516,0.7045536151749484,0.703353966696849,1.0913608945631381,0
517,0.9972354915637841,0.380806826970693,0.8668227927951091,0
518,0.6165177902734615,-0.001066610345449845,0.94383733746542,0
519,0.11374973726442869,0.6398631900891776,1.047891924960981,0
520,0.04967545238651783,0.6008170387334568,1.1295542924080202,0
521,0.6181520526947595,-0.0002558280111123225,1.0181029595082773,0
522,0.9954249421793279,0.39005160633037944,0.9289130584979939,0
523,0.6785131379244101,0.7267962774764097,0.9577695890352373,0
524,0.11841635874385983,0.06369540488794176,0.8584469268801233,0
525,0.11904611749677255,0.17542663673331885,0.9882018454355139,0
526,0.6396867268273742,0.7978284938267407,0.9690600433481473,0
527,0.9809024627538386,0.3342022376800499,0.9616648590079073,0
528,0.6216270056581689,-0.039832543782970256,0.8956097353414649,0
529,0.10365895715958426,0.6675016787236575,0.9189258875441515,0
530,0.12837515060874516,0.5610735356654288,0.9915990034434394,0
531,0.7258963507375438,0.0072623083610793655,1.0470930307125466,0
532,1.055713075010791,0.43915891645408484,1.078984677633726,0
533,0.6345867675838669,0.6856087915730303,0.9348085204447173,0
534,0.09889679077005689,0.14140852277818441,0.8752818480468508,0
535,0.023255368278496516,0.14403037205541633,0.9083190953529423,0
536,0.7239683994103279,0.721581276205836,0.9997869257981974,0
537,1.0141357577654313,0.39715570879006945,0.8652296413833769,0
538,0.6613156950500989,0.000545135597250862,1.3065494198065633,0
539,0.05517611482801371,0.63944767049585,0.9443835868819961,0
540,0.12123909522482945,0.5894358599189027,0.9529460279761051,0
541,0.6749986019738956,0.022833351876440568,0.9581942434256298,0
542,0.8935057456995655,0.37317427870477365,1.0526053507355597,0
543,0.5422744485373221,0.7442312675654358,1.0250759255025763,0
544,0.125709800220103,0.16079823542582833,0.9049523175975257,0
545,0.14158687793829805,0.17181481876377175,1.0056818719089744,0
546,0.6776466197792324,0.7268735650595536,0.988641624467798,0
547,1.0114007509410528,0.3393866405247426,0.9453333278744405,0
548,0.641294435220381,0.05100936650409846,0.8798788014604759,0
549,0.03717468553529006,0.5359355330407581,0.9912663361798082,0
550,0.1322448476842873,0.6148685728237195,1.1319152593171298,0
551,0.6540384707635944,0.030632145467541803,1.0324177933708936,0
552,0.9682428636021034,0.4716016115224406,0.9267779701893712,0
553,0.6225808186006845,0.7274689166172627,1.113204279633937,0
554,0.06819181372363337,0.11395874136274103,1.0624299374342967,0
555,0.07547678572254676,0.19295771384370924,0.9298770795847303,0
556,0.6842331617203538,0.7817636608170468,0.8570567904526039,0
557,0.9872371922148994,0.3157224161072764,0.8439123969879234,0
558,0.6600093373162971,0.01730921567824861,1.0469567539113556,0
559,0.005439370648102321,0.6151272378383227,1.1278961270072256,0
560,0.1246609208346533,0.5642640577338855,0.9640346859837663,0
561,0.7815051048749017,0.018165720973204392,1.009753622210785,0
562,0.9859259428212898,0.3951379888103473,1.2018903467316262,0
563,0.6132767387549355,0.6893594853286074,1.0838766561843414,0
564,0.000882681697572732,0.1205348232047391,0.9759719547371511,0
565,0.1397630446121493,0.1782604869529603,1.0630008133585243,0
566,0.6543117126076926,0.69928923590592,1.0731576052648313,0
567,0.9366237960652997,0.3722300472132294,1.1559548349590805,0
568,0.5595908805475602,0.04802779816265532,1.2280537671974843,0
569,-0.008361089441861008,0.6454230521081232,1.1068058145621253,0
570,0.14291874665671578,0.5044356904959142,1.1293037963287975,0
571,0.6687410274075977,0.015497805409199218,1.0418540360419029,0
572,1.0478779045403939,0.4379497474924045,1.089161747068412,0
573,0.5819352725509972,0.7092661758385145,0.9514559652847228,0
574,0.0739670451789497,0.11460366795452702,0.7789605210290399,0
575,0.0750426300081518,0.1996976166773984,0.8678326398384067,0
576,0.7823185209803825,0.7369596002570864,1.062117800887672,0
577,0.9297926333103228,0.28060119971992536,1.0769559736898209,0
578,0.6072831778393167,0.02408857455744612,0.996781842221208,0
579,0.04847392762855357,0.600970732561492,0.9049195987914441,0
580,0.1572684865249336,0.5635994125208235,0.9142408018305311,0
581,0.7741230783189269,0.01927297085230493,0.9951745068948098,0
582,0.9819232986540549,0.4187264105513039,0.722142837020439,0
583,0.5538323762464347,0.6993846122412183,1.1178029834080765,0
584,0.011258014563727603,0.0766494894781105,0.9055621126397544,0
585,0.10549307971911515,0.17784009272146037,1.1843875612860801,0
586,0.7053592030327459,0.7778635336738835,1.1127751762330012,0
587,0.9722239309022425,0.27799192847565357,1.0657910472961203,0
588,0.5630890072911825,0.032448519221786855,0.9207982830327619,0
589,-0.016872028752680235,0.6127297118922321,0.9977199585571336,0
590,0.13533060502711605,0.5369800066755671,0.9078046707629193,0
591,0.7436489807204882,0.0004338404227293784,0.9784687307501276,0
592,0.96144626963299,0.4042907420954633,1.0008967371816422,0
593,0.5781938072321438,0.6732198405594747,0.9379673516575479,0
594,0.03971744755489709,0.09898363940054936,1.0264191685787811,0
595,0.16989531467216615,0.21059480973550593,1.0541298755464088,0
596,0.8123436340135303,0.8120618749378675,0.8851011044671293,0
597,0.9734472011934312,0.29744593727504226,1.135182542928304,0
598,0.6883233183289497,-0.003063798625896147,1.0143516084301818,0
599,0.06701785056013908,0.6985586513858807,0.9970241264270724,0
600,0.19076110233202065,0.5643208635742819,1.030994455875156,0
601,0.7906404075562093,0.04922090219159216,1.1360725909750309,0
602,0.9961643194184296,0.4331465951636081,1.1566159545824715,0
603,0.6394918451988048,0.7248282205434018,0.9392261333671302,0
604,0.11097133265725055,0.10823483982640741,1.0410037400879557,0
605,0.16953046099683503,0.28133282995484765,1.159611872337678,0
606,0.669331381246322,0.723480300067404,1.0952820777012933,0
607,0.942873699213768,0.2455144739442378,0.9913115072737189,0
608,0.6021540541617888,0.052406019986926684,1.0327179473473893,0
609,0.05425942518617972,0.6814685806156121,0.7824119691289106,0
610,0.13740763467785477,0.5210805713781268,1.0014167356525592,0
611,0.7485540376117231,-0.014618644997605176,1.0157073866046646,0
612,0.9709327309475285,0.43436920951749725,1.0826279609278748,0
613,0.6350226042400635,0.7379830069805299,0.924352474652959,0
614,0.05784519064771582,0.11590060896244112,0.9387700457697387,0
615,0.12810890907227013,0.2479182528868654,0.9667211347450657,0
616,0.7278692947673105,0.8100277974302721,0.9028353915552756,0
617,1.003868154187979,0.2651408585298671,0.9271702569367777,0
618,0.5931161452601769,0.030744916897268364,1.0546652487589518,0
619,0.06553380558904724,0.6724323796268215,0.9336077164195932,0
620,0.17536389735081723,0.47334032670352283,0.8111390084035301,0
621,0.7116198656215866,-0.0306690864355045,1.1064332843944151,0
622,1.0247444824015741,0.5321535515503232,1.0864293586606684,0
623,0.5987360823604349,0.7627820351199179,1.2022068937471717,0
624,0.02644637581097916,0.11155642732934981,0.9020649557942295,0
625,0.1546319122961078,0.3010951122487644,0.9706309225530724,0
626,0.7925403221366982,0.7987329289961757,0.8975255716609524,0
627,1.090160374613772,0.22048797560917982,1.1251268406107893,0
628,0.6192338149071815,0.06874351030359924,1.1323134968711515,0
629,0.11265747223904832,0.7411933372441315,1.0185416323737775,0
630,0.2048350855447102,0.45263451802993065,1.1572497036335374,0
631,0.7992097193783936,-0.04106093441384631,1.0671912947196378,0
632,1.0452100099833603,0.4948601627730299,0.9329874716237371,0
633,0.6059179829541087,0.6870420610310612,0.9842729173445852,0
634,0.042385220425904514,0.06951547536780897,1.2403152180936579,0
635,0.18710075277613072,0.2500609818034761,1.0124178979355698,0
636,0.8009857980938602,0.7312091910389915,0.9975069757998437,0
637,1.0199587502355265,0.3113192768276362,0.9030102664433671,0
638,0.6169743028667534,0.08593250902834082,0.9441947663527422,0
639,0.11220468399554875,0.7005773133875289,0.8712104094509832,0
640,0.17869972919256563,0.5361411244300853,0.9930157995126843,0
641,0.7455311634252764,0.023036926343009242,1.0780361441155693,0
642,0.9603687553295883,0.4573805523084216,0.902981589772568,0
643,0.5625193655523968,0.7267254573420999,0.9087041807004712,0
644,0.10659591078824543,0.039829660214686695,1.023564981794546,0
645,0.09879854491936518,0.25051679743955496,0.8979062614440456,0
646,0.7442145015631646,0.7740195870587778,1.0666005643915732,0
647,0.9649144098751461,0.2616392222685501,0.9151730802897219,0
648,0.5135499460210768,0.122832168845606,1.1065469172362021,0
649,0.04965057336379717,0.6228060058644069,0.9444551064251253,0
650,0.05236436071012267,0.5009803199756647,0.9623184283176002,0
651,0.7706183879782634,0.014842053738676968,0.9601252299196561,0
652,0.9616083869348642,0.47390455267657455,0.918533346151784,0
653,0.5921928145268059,0.755423008547571,1.0341468176277977,0
654,0.11087820836856561,0.07011843141681587,1.0117315579972497,0
655,0.21865147770666718,0.20653710438071787,0.8223922028186936,0
656,0.7463325359493943,0.7142155368589812,0.9204305700573946,0
657,1.025841168665068,0.2707051192256032,1.0435468137776929,0
658,0.46553466991710446,0.008744473173784961,0.9821197975352017,0
659,0.06465846784369379,0.6632583492266023,0.9791265705795054,0
660,0.16765268981150674,0.49228588071956036,0.943945758872978,0
661,0.7928571116744333,0.02924450283204752,1.0827385682404318,0
662,0.9737737862973844,0.43767547006944846,0.9703129574776163,0
663,0.5193848938508803,0.6173563874766342,1.2841337321170774,0
664,0.028839596991119952,0.12690283946593503,1.1432198959770081,0
665,0.24938012703030576,0.17630520963245772,0.9740424040792642,0
666,0.7004098645773996,0.773133314626397,1.0214089037824963,0
667,1.052927102657379,0.23160462923447517,1.0764017642887345,0
668,0.632523736029928,-0.03523417249395715,1.0263973718417414,0
669,0.007822755525929606,0.754226610313276,0.959027810545039,0
670,0.15974738524931645,0.5009287246841935,1.1520118401742876,0
671,0.7183974513167132,-0.03875951693282135,1.0075851559063105,0
672,0.9239255277549078,0.4856612308278257,1.170358358784181,0
673,0.538779247515475,0.7048675410507669,1.128524624649303,0
674,0.05407810055403857,-0.030217590348897566,0.9839402057098265,0
675,0.19334246472043257,0.20082170296044552,0.8009479932608117,0
676,0.7481953738544653,0.7672171242903703,1.1186055741109662,0
677,0.9447541085728713,0.2572941597076696,0.8249077270878201,1
678,0.5804398637805288,0.08557672995006865,0.8730298649876876,1
679,0.14180537951344085,1.0073404403830217,0.9676037627385786,1
680,0.04449845776702785,1.0341380094501267,0.8974195324917396,1
681,0.7218016691052347,-0.0026859654546550313,0.9455259698310323,1
682,0.9783321344305284,1.550548466699613,1.0194542599115293,1
683,0.5362238081432888,1.9827991947549184,1.254361713233258,1
684,0.022900692426997188,0.12408262157019109,1.0713798332250084,1
685,0.14954538648189664,0.8380021856379225,0.7752437894020695,1
686,0.7056739760047452,2.1947914580100623,0.77216039466715,1
687,1.0492412946186487,0.756720733040327,0.862018208118104,1
688,0.5516023196134847,0.17983839378594402,0.8983131231843205,1
689,0.008531274316732767,2.074713723862278,1.073169400304406,1
690,0.16694879010623784,1.408368910273702,0.7821068538207787,1
691,0.8387652243784414,0.0006378680348062122,1.0205820907584184,1
692,0.9066048701726123,1.4646281420086227,1.1861411717758785,1
693,0.5742161920082557,1.9788140357613255,0.8858702567112056,1
694,-0.01070160105813693,0.13998899802726172,0.8859168052673595,1
695,0.1375155285359985,0.8306056648865389,0.9760038910089752,1
696,0.8384741446906139,2.2621378240364574,0.8260745179005465,1
697,1.0343598411270754,0.6313278500171241,0.9748296656946446,1
698,0.5098417818244199,0.2146918138312665,0.8278636832806088,1
699,0.00579346918939215,2.0462821415386347,0.9399485632566147,1
700,0.08167525209905335,1.4614185980890502,1.0145656536598877,1
701,0.7357133839579469,-0.04808113488037632,1.1781710151495843,1
702,0.9328178809274386,1.4283416919786258,0.9569416897601046,1
703,0.4915975827352541,1.3293611665479161,1.0444073981235837,1
704,0.08735538184372633,0.07639305485385983,1.1692016949827915,1
705,0.2007713308324795,0.2969834687012305,1.0680936784015824,1
706,0.8276803166277277,0.7653560910010525,1.0201911663336334,1
707,1.0639199014090563,0.3175124469787535,0.8481899282209358,0
708,0.49541652713586587,0.0629166729766912,1.0623713083546151,0
709,0.03627532019192658,0.6091761720257264,0.8937029139538883,0
710,0.14910324821609983,0.4587356378927046,1.005839929487152,0
711,0.7103124156541328,0.06584960615008842,1.0929019171338856,0
712,1.06423168749168,0.5246785158650634,0.9915516268646619,0
713,0.535260112561487,0.6254715718995955,0.9613600343702138,0
714,0.07981252332735214,0.04895067680104852,1.0570325133859493,0
715,0.31404524576883064,0.3194856615998077,1.1579259393602053,0
716,0.7822738921057417,0.7887572183765753,0.9255248873460014,0
717,0.9980731095565338,0.22618702980235017,0.8477340150162488,0
718,0.4667704107093529,0.07699312927014723,0.8947575170388836,0
719,0.0015079314052049812,0.7105565933564801,1.0181027881378493,0
720,0.3042124839286692,0.4301016533365825,1.0415694139316,0
721,0.7514068051456841,-0.038527939295385956,0.8988351758493955,0
722,0.9981187306133396,0.5327435857779851,1.0449908877359086,0
723,0.3996128221067289,0.6152114096253862,1.1476832182562688,0
724,0.03730829212090341,0.10634657861120675,1.0995156986394488,0
725,0.1892682581396625,0.27674403629054406,1.0062213165482217,0
726,0.7284566712451295,0.7448867224417732,1.1515790071643375,0
727,0.9062622536252063,0.21633952765678038,0.996680884258179,0
728,0.5093985200109916,0.10767762047315176,0.9656523466518493,0
729,0.022649482764337783,0.7758341715863306,0.928830170148107,0
730,0.2793436657091834,0.4318873239922216,0.8460655139749097,0
731,0.7749192636892102,0.0014797269219587348,0.9996156973721367,0
732,0.9995067421998625,0.463310065008778,1.148699373031634,0
733,0.5318031398048697,0.5784577904105166,1.0225683873052394,0
734,0.011775447046639746,0.06640253942087385,0.8996749858316426,0
735,0.11150908636639718,0.27315203583387687,0.9950338524811513,0
736,0.83185924141975,0.69966008164582,0.9777203195029182,0
737,0.9675382228191202,0.2471507390331727,1.0923165342568397,0
738,0.5354948719728942,0.1316492131918719,0.9088852629541757,0
739,-0.008559515318236777,0.7356253008656845,0.9545850457259829,0
740,0.19969239537521719,0.4366130070829695,0.8411969167462896,0
741,0.7464787381717132,-0.029363091793342577,1.0679287119595193,0
742,0.9812878433946676,0.5890836817129528,0.8734000947780899,0
743,0.5674490815454019,0.6162634943059956,0.9967036972516954,0
744,0.07837310344537743,0.09043474385027572,1.027021524123552,0
745,0.11753987120304585,0.38353309536275043,0.889802282139396,0
746,0.7120267336116921,0.7554315635898332,0.9069376277424113,0
747,0.9082460721652452,0.2336513607898592,1.184889325954703,0
748,0.4670843512266059,0.10049360641643168,1.080552255614942,0
749,-0.042810708825902835,0.7212178403889196,1.0607188003056298,0
750,0.22454352272688,0.45892790700439956,1.1635589443935075,0
751,0.8153188203729579,0.06898434089367388,0.9874552807839496,0
752,0.9551261071192605,0.5803972607653186,1.0143058292068603,0
753,0.5617312732405041,0.6597806837130121,0.8509449874673224,0
754,0.05777522568074867,0.00831079157369179,0.7745743871681684,0
755,0.10750092305029378,0.3340561072294821,1.1534750911984069,0
756,0.7605897958476133,0.767751642171158,0.8014754995637998,0
757,0.8904897336465943,0.2750533941577971,0.8992450752883451,0
758,0.4995127446622802,0.0528854632397884,1.1347213771939981,0
759,-0.00915046399597546,0.7010953417114585,1.0500308920509895,0
760,0.20406030335504619,0.4635682462369921,0.9438031909285485,0
761,0.8070830435670536,0.11130609686971304,0.9883381229537705,0
762,0.9935211347724567,0.546936618881265,1.0904495874346778,0
763,0.6023897396348223,0.672940827984314,1.0394701578419805,0
764,0.09105929491950605,0.09513396158965243,1.1405197788080466,0
765,0.21082069838378964,0.34285215133842706,0.8387738756922887,0
766,0.8314196351737478,0.7159298042235718,1.1949503780950357,0
767,1.0141066386809015,0.19730680770318282,1.0206292726115866,0
768,0.47704001103771393,0.140628666163366,0.9382781816157586,0
769,-0.04298085902374827,0.7071553830954381,0.9306309439907123,0
770,0.2602620116607195,0.405850822635876,1.0488374092045807,0
771,0.8089306731056966,-0.01087935976135199,0.9979989277005902,0
772,1.0613790915050123,0.6347626203236618,0.9890567119376857,0
773,0.5228008636770768,0.6780584727469305,1.1074107849688857,0
774,0.05323017384282103,0.03041125411698921,0.9232447581124794,0
775,0.2678122138665873,0.4032986536607363,1.0159305443927127,0
776,0.8340082505792665,0.7279118287842867,0.9825743363571383,0
777,1.0453380269628236,0.2305028254723575,0.9002529572799209,0
778,0.5062028535622922,0.10882016601490381,0.8624167433782381,0
779,0.06900889771019421,0.7533960156992918,1.1351162339516159,0
780,0.24280174313462205,0.45408854424645817,0.994834325402576,0
781,0.755535462333799,-0.04344675803100675,1.1164067901746915,0
782,0.9073197944436444,0.5151865274049086,1.013369541160207,0
783,0.501528798410243,0.5677617753997682,0.9553005689973273,0
784,-0.049980027650406884,0.020667763770062023,1.1268249827795178,0
785,0.21574511998682955,0.30307822302447796,1.1131502970557534,0
786,0.8533781596336829,0.6979780533799408,1.120806499760465,0
787,0.8855253829585051,0.17999249511332277,1.0317508463250582,0
788,0.5103183420715819,0.16666480353052976,1.0582450841185709,0
789,0.09369430528219774,0.7652213321058497,1.1504169341181323,0
790,0.18822934076330033,0.3970447524325477,1.016510253397768,0
791,0.7994810303675305,0.07824588461122534,1.1324240171811288,0
792,0.9117417886303011,0.5580416346529739,1.0974327898493073,0
793,0.48757293875747715,0.6352140369794462,1.025953515311124,0
794,-0.011541219174911792,-0.04296046325027303,0.9214151239540498,0
795,0.18428062626810932,0.3197483969401146,1.0510933211829934,0
796,0.8054528856705239,0.746368720119699,0.9466869237003257,0
797,1.0099344733640472,0.1492797699555016,0.9374199590808993,0
798,0.44814280197616024,0.11032369863438325,0.9327161116242122,0
799,0.01568071958491796,0.7649590036472667,1.0799503145275438,0
800,0.25374583725285704,0.3659253128373538,0.9733447285662391,0
801,0.8641417477490368,-0.023639593743585416,0.8237892195838978,0
802,1.0348632103377193,0.5316788911757966,1.0767562094479066,0
803,0.4871141937573362,0.530518569954245,1.1348028420521408,0
804,0.024232696743334857,-0.0018623883107879435,1.0125779163499053,0
805,0.31349013655521935,0.33534369586452195,0.8800462132909023,0
806,0.8218896339356855,0.7961129582917476,0.9078300571225816,0
807,1.0617378259398906,0.14823532589294527,0.9575417461470425,0
808,0.48985110352184047,0.10345600095194012,1.0565166000293797,0
809,-0.013080643245243273,0.6966045998072701,0.8493919046826124,0
810,0.32297307795391267,0.4404322445670502,1.3178079676489558,0
811,0.9046310598925519,-0.02624106947529191,0.9063234053105192,0
812,0.9074517545347267,0.6353270222448784,0.9040120307549218,0
813,0.530475818585462,0.6116794926465573,0.9269558862306074,0
814,0.017531833311342653,-0.005528069581937158,1.020095319303913,0
815,0.26738423775616366,0.30242890660781996,0.91602002552268,0
816,0.809748906715573,0.7201190057326966,1.0072283754613796,0
817,1.0525475495688805,0.16910338481577328,1.0238779541112903,0
818,0.41732676799480545,0.166485766722529,1.0188529934273651,0
819,0.06111759040753822,0.7222727446044807,1.0528918602093655,0
820,0.1260029158486567,0.3851333526158803,0.9513379066716199,0
821,0.7379723970415902,-0.03099273458719307,1.0184935326090734,0
822,0.9917988558745677,0.6189645149396733,0.9856851791070009,0
823,0.43724988469268045,0.5715932651286353,0.9973832052695171,0
824,0.0008057297479699341,0.015648892564140475,1.1034450445933823,0
825,0.18444333191119258,0.41050696230298744,0.9532673525674992,0
826,0.8306222047345203,0.7515194942694604,1.0571953210340153,0
827,0.8740847387827835,0.04099244084997748,1.1240271660915988,0
828,0.2671769290357796,0.17799103375307404,0.9900849899702613,0
829,-0.013763010768326568,0.6992781838898637,1.0139331513668994,0
830,0.215362142903345,0.4393218044864963,0.8096217020069896,0
831,0.8800781293732387,-0.020057737253999414,1.0568863183337873,0
832,1.0545391009740985,0.5294676133535325,1.2435620577966235,0
833,0.4533874836731689,0.5954646269243893,1.0947497817538654,0
834,-0.023151817665194578,0.08618310205278167,0.9886813906586384,0
835,0.22801019908575587,0.3728406110678745,1.080539225028271,0
836,0.7877542028472144,0.7445891634577316,1.025606350213751,0
837,1.0211902743630867,0.19258013385271475,1.1989280089817722,0
838,0.436191181561491,0.13926921497245043,0.9421020078045323,0
839,0.06993079528864064,0.7483895089176544,0.9255662394498376,0
840,0.265771703575245,0.33752680168704724,0.928800016927281,0
841,0.8025249113789583,0.027569838839038897,0.9434821720533195,0
842,0.8958648369110915,0.6683811221072213,0.9143222780007035,0
843,0.4245931751020029,0.6099727604934625,1.0443208295619244,0
844,-0.03946994442743271,0.10089335830198572,0.9968382459881562,0
845,0.35496347510685095,0.40257770017988725,0.8350864103954463,0
846,0.717465232224628,0.7588396275910076,1.1217882817732623,0
847,0.95868833780698,0.1288822525770045,0.9503130352509622,0
848,0.453241850358363,0.1478162022030797,0.9239953239069372,0
849,-0.004911299690802852,0.7373495890006904,0.9894049800821021,0
850,0.2811472804494409,0.3760597438117707,0.8686185655871546,0
851,0.8822681488901181,-0.0030285082215302066,0.887355962555491,0
852,0.9365395110134194,0.6188724649734585,0.8385151080774326,0
853,0.3831325597599027,0.5695217676128734,0.953524323236501,0
854,-0.01682007536086334,0.011625283734371581,1.0238995785503948,0
855,0.24002373978992203,0.4304854869019313,0.960629075754388,0
856,0.8881191550302286,0.7047621824243996,1.1681788716848138,0
857,0.9004525150210544,0.10434400922693413,1.125497848052568,0
858,0.43386326701720357,0.17217799019782273,0.9607237690586632,0
859,0.044604638962964155,0.728214904075846,1.1743039562904252,0
860,0.20892957773600576,0.2816416634676637,0.7292582507165863,0
861,0.7941053570178502,0.0901455349000668,0.9691003050504841,0
862,0.9099327833599303,0.5218755422308272,0.8764126086115465,0
863,0.4437957071058636,0.6267005178901117,1.0757692095742868,0
864,-0.03629909101185138,0.03879427470869079,1.0253268682504668,0
865,0.34726694934387764,0.4163315395436767,0.9188666899428413,0
866,0.9018478302932142,0.7621290420080561,0.9857161783510393,0
867,1.003649791275108,0.23485761821263648,1.134232875132478,0
868,0.3103000959005736,0.19293592053390726,1.0425164014561292,0
869,0.06856621945616007,0.6899548480047399,0.9918840544854989,0
870,0.21776120505668403,0.41277267781091276,0.9918283849830407,0
871,0.8029953170578654,0.030552700986564787,1.1591422030701923,0
872,1.069901710742866,0.5914755519870893,1.1487076761497494,0
873,0.39145832584464263,0.5745852768836434,1.0083604344791086,0
874,0.012529155310024628,0.04939136783998261,0.7925464244149057,0
875,0.33003853914763637,0.43662689615308886,1.0002102128711583,0
876,0.869602192262783,0.7389442546865261,1.052258815628606,0
877,0.9539966861072675,0.11743175574439893,0.9418733736948863,0
878,0.4290085511598984,0.1913121910821863,1.1725373382381,0
879,-0.034476716187121004,0.722426806993444,1.004892024874555,0
880,0.21081902927016044,0.32848579515311094,1.0102168565112017,0
881,0.8507810834395454,-0.021457608873212318,1.0282798547293126,0
882,0.9784225973266845,0.6485327992062208,0.9310120706913847,0
883,0.37772835375201363,0.55821865081284,1.0794195305403211,0
884,-0.014280163906525508,0.05495257382908313,1.0493218204159551,0
885,0.19900848926186143,0.42446095135100737,0.9920725530132187,0
886,0.894162956745726,0.7165336599237239,0.9307970540865136,0
887,1.0636802240693806,0.12755281402651986,1.1227489855724642,0
888,0.410055089160258,0.31354159238693435,1.0094684238454754,0
889,0.07820970745250935,0.723713795305573,1.0850285952094538,0
890,0.3490335947042642,0.3421405288705609,0.8378388357665508,0
891,0.8940164337393978,0.032898563551828346,0.9967194025546942,0
892,0.9361935169331809,0.6390183742658356,1.0168587686881303,0
893,0.4448021941433394,0.5983565951264582,0.8639315879535049,0
894,0.012587653868002043,-0.03325131618722681,1.0197828954563974,0
895,0.3159589847471522,0.44241447366223186,1.0453404002953224,0
896,0.8149139749698635,0.7857519680378922,1.1068645896690747,0
897,0.9386526297576798,0.12506019460919032,0.8807148317074462,0
898,0.47649558514518453,0.19478602121744898,1.0275847569363743,0
899,-0.03133572474978939,0.785600202983038,0.7987296742157608,0
900,0.21085915566247565,0.3466537141401922,0.9928764834906745,0
901,0.8729123931390445,0.05612849922130903,0.9319564580012781,0
902,0.8992294407665139,0.659045844585217,0.9025017444605253,0
903,0.4000700101919259,0.6038790131697116,0.9333351119804069,0
904,-0.0713261117996911,0.028084329848034835,1.047418277971784,0
905,0.2491344742002272,0.3728406173848695,0.9123864574429265,0
906,0.9280452727821298,0.7389317172072075,0.9086333452763887,0
907,0.9512749563749986,0.12016659207904554,1.029760299287395,0
908,0.42123583785615,0.19282206916094555,1.0140283529702714,0
909,0.03638505139851,0.758584673342603,0.9232525079361502,0
910,0.3104137817882367,0.3269509656090149,1.0576790210916047,0
911,0.9036820692056733,0.019622025063648713,0.8721458288343915,0
912,0.9686073812645823,0.6386398694284245,1.0315431042921657,0
913,0.4040675348712326,0.6299664886351309,1.15705156435991,0
914,0.0011080603063133615,-0.03042607619133053,1.032512335599808,0
915,0.28417469823990393,0.38601652448457646,1.0762160627355892,0
916,0.9820186058042659,0.6570482057061809,1.0459711496490467,0
917,0.9325892040873572,0.11057076063675952,0.8691783655269665,0
918,0.40109376307171096,0.16938743675998186,0.8945293552979348,0
919,0.09999342315134618,0.75151702998635,1.1641540297886301,0
920,0.3698304630779499,0.3629906615310722,0.8303011996745928,0
921,0.9480760162126252,0.04060233492024761,0.8244824794200304,0
922,0.8578465669328145,0.6165828986954675,0.998291194300197,0
923,0.41390528090329215,0.5161046964839733,1.0535513971897956,0
924,0.029864173058727215,-0.003270849269039979,1.041875989910159,0
925,0.28725113903075983,0.4270568532763072,0.9092938174133433,0
926,0.8497357967300332,0.6789835533199248,1.00322942875172,0
927,0.8913672849070957,-0.0019041200121679702,1.0147084549456034,0
928,0.3405898881324318,0.22084682947078874,0.9619166854516183,0
929,-0.01635385109654896,0.7005450501047199,0.9604094029954865,0
930,0.29566628666544736,0.3020652467579953,1.03292276579119,0
931,0.7511436250155217,0.0002233360399727588,1.1047262173388352,0
932,0.8530864467657895,0.6514411778342636,0.9642336323194952,0
933,0.48171570145047327,0.5788236945444017,1.105663050085239,0
934,-0.032364998080088206,0.008486322709398322,1.0204264481729173,0
935,0.3018821962300598,0.47430349609003,0.9853199792712499,0
936,0.9390113081337699,0.6487121242283885,0.9753096479147041,0
937,1.0215630683768455,0.1587369625757556,1.0546226113976793,0
938,0.36653607464291155,0.21867970053708768,0.6966253313694641,0
939,-0.015355311056891715,0.7251661930098743,1.0203449160979283,0
940,0.2730638895976564,0.33361917266155605,1.0048317077225197,0
941,0.8382361079833871,0.03459296481205849,0.9306261525534524,0
942,0.8905496960267123,0.565194079791451,1.0424332170441415,0
943,0.381530700713776,0.5457436230655661,1.056940577900183,0
944,0.021647042891501708,-0.011299424274564165,1.123069811911183,0
945,0.41288245331336826,0.46336926108643894,1.1310336980630957,0
946,0.8806678044640333,0.7033022241380201,0.9362147561664375,0
947,0.9339529998291703,0.035636435993630595,1.052233572532219,0
948,0.44269035723952493,0.23728532928565366,0.9920086754316878,0
949,-0.038288378782893685,0.7243106498961357,0.9049669966288246,0
950,0.2887669754071802,0.360338100089773,1.0499858925108307,0
951,0.9607135290558283,0.05362187950134859,0.8436165478915348,0
952,0.9371755561619509,0.7053824430095362,0.9911979923201414,0
953,0.28284326423380535,0.5505859527604346,0.9628300900203359,0
954,-0.00484135749111166,-0.024930563079167672,1.1479375289054219,0
955,0.3452092765576706,0.5155743156615865,1.0160754987530038,0
956,0.9076664465236344,0.7191687511339252,1.018735115733792,0
957,0.9814112698908434,0.06808710553561782,1.0623154798522512,0
958,0.4167467152626767,0.24608334702300094,1.009434234082501,0
959,0.01975556977055853,0.759860499753619,0.8943891579995867,0
960,0.21280415904879335,0.2761958848738922,0.9579854819442379,0
961,0.9218290099674937,0.1317454456382277,0.9547366530703314,0
962,0.9357054060209548,0.6986781625923104,1.1331605914932312,0
963,0.3046694464149833,0.5298975823938994,0.9726778456181265,0
964,0.017620459096642782,-0.06988081810378245,0.8776994753031239,0
965,0.35643917096141825,0.47603312524534674,1.1700381228340153,0
966,0.8872887514025977,0.6262006651730341,1.1122703189288516,0
967,0.8456524810737781,0.019897021203006363,0.9990702799037243,0
968,0.33546715199859506,0.20371855494396665,1.0523368066545342,0
969,-0.05768102924722477,0.7410208928671858,1.1418336552508532,0
970,0.3392205363502947,0.2989089664363564,1.1062765819282696,0
971,0.8749379872888405,0.046512832645854124,0.9126935619510843,0
972,0.8260133260704388,0.68682939509115,0.9866804020836561,0
973,0.4129573500208772,0.5366703023224577,1.0115607331192762,0
974,0.01175541935505457,-0.009871920128969034,0.8763338204872536,0
975,0.3591843297152288,0.5011912298825014,0.8405778612085596,0
976,0.898133200609208,0.672943413407628,1.0630467375635668,0
977,0.9121321877151681,0.07252843575791189,1.117138752091686,0
978,0.36304892395046157,0.2258895362318462,0.8983462342994374,0
979,-0.04250084991168667,0.6834098447312938,0.8800324745689128,0
980,0.3702061859116486,0.2488563501734268,1.1164682291435228,0
981,0.9027003397940564,0.027723404981175814,1.0224405990219314,0
982,0.9486213327825819,0.6949769743067746,1.047827253626634,0
983,0.34082897884850005,0.4732786910334332,0.9114029642151216,0
984,-0.0006438780325677158,0.012863201961252355,1.0170189444755544,0
985,0.3352735422267828,0.48358028960972593,1.0736570899476363,0
986,0.9067120156916928,0.5926556138204949,0.9361921988680895,0
987,0.8858730854428486,0.13422499102281904,0.8712395296594674,0
988,0.3976737786865656,0.24263513266544295,1.0788532000916755,0
989,-0.01911654477559457,0.720292156901342,0.8479834588194509,0
990,0.29847903855519353,0.2611444551979707,1.127588250990073,0
991,0.9455387253897911,0.0984317903542845,0.7413586031632378,0
992,0.929530907927118,0.6232952297493408,0.8981324564219549,0
993,0.35325780504238813,0.4684182748717844,1.0772376383862077,0
994,0.009681633769987513,-0.030692794232484888,1.278326194521513,0
995,0.33119105961422723,0.47329194232505367,1.0515990822417305,0
996,0.8651566984582336,0.7398329821798847,0.9528445504569987,0
997,0.9092483418081113,0.060396730968995484,1.0157049037116421,0
998,0.30430034229302494,0.2621055266871722,1.168471602455387,0
999,-0.08451284010591714,0.7105908847727919,1.1189825774621676,0
